person_id,leg_index,mode,start_time_s,end_time_s,trav_time_s,start_x,start_y,end_x,end_y,start_link,end_link,distance,vehicleRefId,route_type,mode_original,pt_transitLineId,pt_transitRouteId,pt_boardingTime_s,pt_accessFacilityId,pt_egressFacilityId,pt_transportMode,pt_segment_start_stop,pt_segment_end_stop
car_agent_01,0,walk,28800,28801,1,302208.73,2771006.76,302208.3430382476,2771005.3149012844,24116,24116,1.9448146401350181,,generic,walk,,,,,,,,
car_agent_01,1,car,28801,29015,214,302208.3430382476,2771005.3149012844,302304.32684472116,2769509.185824118,24116,51390,3481.8791765567607,car_agent_01,links,car,,,,,,,,
car_agent_01,2,walk,29015,29018,3,302304.32684472116,2769509.185824118,302301.05,2769507.0,51390,51390,5.120669868209365,,generic,walk,,,,,,,,
car_agent_01,3,walk,58500,58503,3,302301.05,2769507.0,302304.32684472116,2769509.185824118,51390,51390,5.120669868209365,,generic,walk,,,,,,,,
car_agent_01,4,car,58503,58583,80,302304.32684472116,2769509.185824118,302208.3430382476,2771005.3149012844,51390,24116,2024.853295755075,car_agent_01,links,car,,,,,,,,
car_agent_01,5,walk,58583,58584,1,302208.3430382476,2771005.3149012844,302208.73,2771006.76,24116,24116,1.9448146401350181,,generic,walk,,,,,,,,
car_agent_02,0,walk,26100,26100,0,301278.16,2770528.6,301279.1508896225,2770528.337822943,110633,110633,1.3324835459087507,,generic,walk,,,,,,,,
car_agent_02,1,car,26100,26198,98,301279.1508896225,2770528.337822943,302208.3430382476,2771005.3149012844,110633,24116,2071.684463588646,car_agent_02,links,car,,,,,,,,
car_agent_02,2,walk,26198,26199,1,302208.3430382476,2771005.3149012844,302208.73,2771006.76,24116,24116,1.9448146401350181,,generic,walk,,,,,,,,
car_agent_02,3,walk,55800,55801,1,302208.73,2771006.76,302208.3430382476,2771005.3149012844,24116,24116,1.9448146401350181,,generic,walk,,,,,,,,
car_agent_02,4,car,55801,55866,65,302208.3430382476,2771005.3149012844,301279.1508896225,2770528.337822943,24116,110633,1440.9474311092436,car_agent_02,links,car,,,,,,,,
car_agent_02,5,walk,55866,55866,0,301279.1508896225,2770528.337822943,301278.16,2770528.6,110633,110633,1.3324835459087507,,generic,walk,,,,,,,,
car_agent_03,0,walk,28800,28812,12,304919.31,2771652.54,304919.00901467906,2771639.2835647115,24062,24062,17.237807289304254,,generic,walk,,,,,,,,
car_agent_03,1,car,28812,29142,330,304919.00901467906,2771639.2835647115,302954.6624444266,2775213.5844318722,24062,64975,5384.837615930305,car_agent_03,links,car,,,,,,,,
car_agent_03,2,walk,29142,29148,6,302954.6624444266,2775213.5844318722,302953.21,2775206.77,64975,64975,9.05775189411617,,generic,walk,,,,,,,,
car_agent_03,3,walk,58500,58506,6,302953.21,2775206.77,302954.6624444266,2775213.5844318722,64975,64975,9.05775189411617,,generic,walk,,,,,,,,
car_agent_03,4,car,58506,58952,446,302954.6624444266,2775213.5844318722,304919.00901467906,2771639.2835647115,64975,24062,6983.188764790221,car_agent_03,links,car,,,,,,,,
car_agent_03,5,walk,58952,58964,12,304919.00901467906,2771639.2835647115,304919.31,2771652.54,24062,24062,17.237807289304254,,generic,walk,,,,,,,,
car_agent_04,0,walk,28800,28800,0,308290.6,2771453.17,308290.5833235487,2771453.7735914285,168838,168838,0.7849682867740276,,generic,walk,,,,,,,,
car_agent_04,1,car,28800,29484,684,308290.5833235487,2771453.7735914285,301279.1508896225,2770528.337822943,168838,110633,8466.86661450107,car_agent_04,links,car,,,,,,,,
car_agent_04,2,walk,29484,29484,0,301279.1508896225,2770528.337822943,301278.16,2770528.6,110633,110633,1.3324835459087507,,generic,walk,,,,,,,,
car_agent_04,3,walk,58500,58500,0,301278.16,2770528.6,301279.1508896225,2770528.337822943,110633,110633,1.3324835459087507,,generic,walk,,,,,,,,
car_agent_04,4,car,58500,59150,650,301279.1508896225,2770528.337822943,308290.5833235487,2771453.7735914285,110633,168838,8664.289353348657,car_agent_04,links,car,,,,,,,,
car_agent_04,5,walk,59150,59150,0,308290.5833235487,2771453.7735914285,308290.6,2771453.17,168838,168838,0.7849682867740276,,generic,walk,,,,,,,,
car_agent_05,0,walk,27000,27011,11,311242.46,2771678.44,311240.8111306819,2771690.6378761786,119606,119606,16.001460904365203,,generic,walk,,,,,,,,
car_agent_05,1,car,27011,28018,1007,311240.8111306819,2771690.6378761786,300253.4824867919,2780450.178712846,119606,2120,17636.596300007273,car_agent_05,links,car,,,,,,,,
car_agent_05,2,walk,28018,28049,31,300253.4824867919,2780450.178712846,300280.05,2780471.08,2120,2120,43.9449336224043,,generic,walk,,,,,,,,
car_agent_05,3,walk,56700,56731,31,300280.05,2780471.08,300253.4824867919,2780450.178712846,2120,2120,43.9449336224043,,generic,walk,,,,,,,,
car_agent_05,4,car,56731,57808,1077,300253.4824867919,2780450.178712846,311240.8111306819,2771690.6378761786,2120,119606,18209.622444873938,car_agent_05,links,car,,,,,,,,
car_agent_05,5,walk,57808,57819,11,311240.8111306819,2771690.6378761786,311242.46,2771678.44,119606,119606,16.001460904365203,,generic,walk,,,,,,,,
car_agent_06,0,walk,27900,27901,1,304732.58,2769576.78,304732.6008059413,2769577.95596763,34918,34918,1.528997172743829,,generic,walk,,,,,,,,
car_agent_06,1,car,27901,28155,254,304732.6008059413,2769577.95596763,304914.3099691695,2772627.744970456,34918,151203,3232.5961198764926,car_agent_06,links,car,,,,,,,,
car_agent_06,2,walk,28155,28162,7,304914.3099691695,2772627.744970456,304906.51,2772627.9,151203,151203,10.141962577102026,,generic,walk,,,,,,,,
car_agent_06,3,walk,57600,57607,7,304906.51,2772627.9,304914.3099691695,2772627.744970456,151203,151203,10.141962577102026,,generic,walk,,,,,,,,
car_agent_06,4,car,57607,57949,342,304914.3099691695,2772627.744970456,304732.6008059413,2769577.95596763,151203,34918,5020.620268140359,car_agent_06,links,car,,,,,,,,
car_agent_06,5,walk,57949,57950,1,304732.6008059413,2769577.95596763,304732.58,2769576.78,34918,34918,1.528997172743829,,generic,walk,,,,,,,,
car_agent_07,0,walk,27900,27916,16,303804.19,2770590.71,303801.4738043031,2770573.0191977723,130880,130880,23.26753795022239,,generic,walk,,,,,,,,
car_agent_07,1,car,27916,28070,154,303801.4738043031,2770573.0191977723,303783.4233985733,2772445.2014918937,130880,14982,2182.178328329128,car_agent_07,links,car,,,,,,,,
car_agent_07,2,walk,28070,28076,6,303783.4233985733,2772445.2014918937,303790.83,2772445.13,14982,14982,9.62903039131332,,generic,walk,,,,,,,,
car_agent_07,3,walk,57600,57606,6,303790.83,2772445.13,303783.4233985733,2772445.2014918937,14982,14982,9.62903039131332,,generic,walk,,,,,,,,
car_agent_07,4,car,57606,57799,193,303783.4233985733,2772445.2014918937,303801.4738043031,2770573.0191977723,14982,130880,2662.577966194319,car_agent_07,links,car,,,,,,,,
car_agent_07,5,walk,57799,57815,16,303801.4738043031,2770573.0191977723,303804.19,2770590.71,130880,130880,23.26753795022239,,generic,walk,,,,,,,,
car_agent_08,0,walk,28800,28801,1,308290.6,2771453.17,308290.60202531295,2771453.1747215157,168838,pt_G19_DN,0.006678838306704603,,generic,walk,,,,,,,,
car_agent_08,1,pt,28892,29226,334,308290.60202531295,2771453.1747215157,306978.5968419912,2771610.465278407,pt_G19_DN,G18_DN.link:pt_G18_DN,,,default_pt,pt,Green,183_6003_DN,28892.0,G19_DN.link:pt_G19_DN,G14_DN.link:pt_G14_DN,subway,G19_DN.link:pt_G19_DN,G18_DN.link:pt_G18_DN
car_agent_08,1,pt,28892,29344,452,306978.5968419912,2771610.465278407,305751.5716874558,2771597.867194637,G18_DN.link:pt_G18_DN,G17_DN.link:pt_G17_DN,,,default_pt,pt,Green,183_6003_DN,,G19_DN.link:pt_G19_DN,G14_DN.link:pt_G14_DN,subway,G18_DN.link:pt_G18_DN,G17_DN.link:pt_G17_DN
car_agent_08,1,pt,28892,29452,560,305751.5716874558,2771597.867194637,304919.30980199634,2771652.5361355515,G17_DN.link:pt_G17_DN,G16_DN.link:pt_G16_DN,,,default_pt,pt,Green,183_6003_DN,,G19_DN.link:pt_G19_DN,G14_DN.link:pt_G14_DN,subway,G17_DN.link:pt_G17_DN,G16_DN.link:pt_G16_DN
car_agent_08,1,pt,28892,29568,676,304919.30980199634,2771652.5361355515,303763.41540546075,2771719.823223702,G16_DN.link:pt_G16_DN,G15_DN.link:pt_G15_DN,,,default_pt,pt,Green,183_6003_DN,,G19_DN.link:pt_G19_DN,G14_DN.link:pt_G14_DN,subway,G16_DN.link:pt_G16_DN,G15_DN.link:pt_G15_DN
car_agent_08,1,pt,28892,29698,806,303763.41540546075,2771719.823223702,302503.61297324795,2771706.944751381,G15_DN.link:pt_G15_DN,pt_G14_DN,,,default_pt,pt,Green,183_6003_DN,,G19_DN.link:pt_G19_DN,G14_DN.link:pt_G14_DN,subway,G15_DN.link:pt_G15_DN,G14_DN.link:pt_G14_DN
car_agent_08,2,walk,29698,29699,1,302503.61297324795,2771706.944751381,302503.61,2771706.94,pt_G14_DN,90941,0.0072864767860186625,,generic,walk,,,,,,,,
car_agent_08,3,walk,58500,58501,1,302503.61,2771706.94,302503.61297324795,2771706.944751381,90941,pt_G14_UP,0.0072864767860186625,,generic,walk,,,,,,,,
car_agent_08,4,pt,58511,58651,140,302503.61297324795,2771706.944751381,303763.41540546075,2771719.823223702,pt_G14_UP,G15_UP.link:pt_G15_UP,,,default_pt,pt,Green,183_6284_UP,58511.0,G14_UP.link:pt_G14_UP,G19_UP.link:pt_G19_UP,subway,G14_UP.link:pt_G14_UP,G15_UP.link:pt_G15_UP
car_agent_08,4,pt,58511,58771,260,303763.41540546075,2771719.823223702,304919.30980199634,2771652.5361355515,G15_UP.link:pt_G15_UP,G16_UP.link:pt_G16_UP,,,default_pt,pt,Green,183_6284_UP,,G14_UP.link:pt_G14_UP,G19_UP.link:pt_G19_UP,subway,G15_UP.link:pt_G15_UP,G16_UP.link:pt_G16_UP
car_agent_08,4,pt,58511,58886,375,304919.30980199634,2771652.5361355515,305751.5716874558,2771597.867194637,G16_UP.link:pt_G16_UP,G17_UP.link:pt_G17_UP,,,default_pt,pt,Green,183_6284_UP,,G14_UP.link:pt_G14_UP,G19_UP.link:pt_G19_UP,subway,G16_UP.link:pt_G16_UP,G17_UP.link:pt_G17_UP
car_agent_08,4,pt,58511,59021,510,305751.5716874558,2771597.867194637,306978.5968419912,2771610.465278407,G17_UP.link:pt_G17_UP,G18_UP.link:pt_G18_UP,,,default_pt,pt,Green,183_6284_UP,,G14_UP.link:pt_G14_UP,G19_UP.link:pt_G19_UP,subway,G17_UP.link:pt_G17_UP,G18_UP.link:pt_G18_UP
car_agent_08,4,pt,58511,59227,716,306978.5968419912,2771610.465278407,308290.60202531295,2771453.1747215157,G18_UP.link:pt_G18_UP,pt_G19_UP,,,default_pt,pt,Green,183_6284_UP,,G14_UP.link:pt_G14_UP,G19_UP.link:pt_G19_UP,subway,G18_UP.link:pt_G18_UP,G19_UP.link:pt_G19_UP
car_agent_08,5,walk,59227,59228,1,308290.60202531295,2771453.1747215157,308290.6,2771453.17,pt_G19_UP,168838,0.006678838306704603,,generic,walk,,,,,,,,
car_agent_09,0,walk,23400,24379,979,301278.16,2770528.6,302208.73,2771006.76,110633,24116,1360.0991848922308,,generic,walk,,,,,,,,
car_agent_09,1,walk,53100,54079,979,302208.73,2771006.76,301278.16,2770528.6,24116,110633,1360.0991848922308,,generic,walk,,,,,,,,
car_agent_10,0,walk,27900,27908,8,300488.79,2769778.54,300488.32202148304,2769769.6543999678,119734,119734,11.567289534979336,,generic,walk,,,,,,,,
car_agent_10,1,car,27908,28002,94,300488.32202148304,2769769.6543999678,301279.1508896225,2770528.337822943,119734,110633,1741.8175098181277,car_agent_10,links,car,,,,,,,,
car_agent_10,2,walk,28002,28002,0,301279.1508896225,2770528.337822943,301278.16,2770528.6,110633,110633,1.3324835459087507,,generic,walk,,,,,,,,
car_agent_10,3,walk,57600,57600,0,301278.16,2770528.6,301279.1508896225,2770528.337822943,110633,110633,1.3324835459087507,,generic,walk,,,,,,,,
car_agent_10,4,car,57600,57691,91,301279.1508896225,2770528.337822943,300488.32202148304,2769769.6543999678,110633,119734,1429.5961876574042,car_agent_10,links,car,,,,,,,,
car_agent_10,5,walk,57691,57699,8,300488.32202148304,2769769.6543999678,300488.79,2769778.54,119734,119734,11.567289534979336,,generic,walk,,,,,,,,
car_agent_11,0,walk,39600,42315,2715,302208.73,2771006.76,304732.58,2769576.78,24116,34918,3771.0447017638508,,generic,walk,,,,,,,,
car_agent_11,1,walk,69300,72015,2715,304732.58,2769576.78,302208.73,2771006.76,34918,24116,3771.0447017638508,,generic,walk,,,,,,,,
car_agent_12,0,walk,39600,39600,0,301278.16,2770528.6,301279.1508896225,2770528.337822943,110633,110633,1.3324835459087507,,generic,walk,,,,,,,,
car_agent_12,1,car,39600,40060,460,301279.1508896225,2770528.337822943,304914.3099691695,2772627.744970456,110633,151203,5989.965638270775,car_agent_12,links,car,,,,,,,,
car_agent_12,2,walk,40060,40067,7,304914.3099691695,2772627.744970456,304906.51,2772627.9,151203,151203,10.141962577102026,,generic,walk,,,,,,,,
car_agent_12,3,walk,69300,69307,7,304906.51,2772627.9,304914.3099691695,2772627.744970456,151203,151203,10.141962577102026,,generic,walk,,,,,,,,
car_agent_12,4,car,69307,69679,372,304914.3099691695,2772627.744970456,301279.1508896225,2770528.337822943,151203,110633,6089.606055611309,car_agent_12,links,car,,,,,,,,
car_agent_12,5,walk,69679,69679,0,301279.1508896225,2770528.337822943,301278.16,2770528.6,110633,110633,1.3324835459087507,,generic,walk,,,,,,,,
car_agent_13,0,walk,37800,37805,5,305544.29,2770487.68,305544.43104231555,2770493.0390018015,62785,62785,6.96911476289376,,generic,walk,,,,,,,,
car_agent_13,1,car,37805,38121,316,305544.43104231555,2770493.0390018015,303783.4233985733,2772445.2014918937,62785,14982,4086.8528816397748,car_agent_13,links,car,,,,,,,,
car_agent_13,2,walk,38121,38127,6,303783.4233985733,2772445.2014918937,303790.83,2772445.13,14982,14982,9.62903039131332,,generic,walk,,,,,,,,
car_agent_13,3,walk,67500,67506,6,303790.83,2772445.13,303783.4233985733,2772445.2014918937,14982,14982,9.62903039131332,,generic,walk,,,,,,,,
car_agent_13,4,car,67506,67780,274,303783.4233985733,2772445.2014918937,305544.43104231555,2770493.0390018015,14982,62785,4357.7315393039235,car_agent_13,links,car,,,,,,,,
car_agent_13,5,walk,67780,67785,5,305544.43104231555,2770493.0390018015,305544.29,2770487.68,62785,62785,6.96911476289376,,generic,walk,,,,,,,,
car_agent_14,0,walk,37800,37801,1,304996.85,2770512.5,304996.8532790921,2770512.496446124,131549,pt_BR10_UP,0.006286206587170651,,generic,walk,,,,,,,,
car_agent_14,1,pt,37920,38070,150,304996.8532790921,2770512.496446124,304919.30980199634,2771652.5361355515,pt_BR10_UP,pt_BR11_UP,,,default_pt,pt,Brown,brownTripN5_UP,37920.0,BR10_UP.link:pt_BR10_UP,BR11_UP.link:pt_BR11_UP,subway,BR10_UP.link:pt_BR10_UP,BR11_UP.link:pt_BR11_UP
car_agent_14,2,walk,38070,38070,0,304919.30980199634,2771652.5361355515,304919.30980199634,2771652.5361355515,pt_BR11_UP,pt_G16_DN,0.0,,generic,walk,,,,,,,,
car_agent_14,3,pt,38354,38475,121,304919.30980199634,2771652.5361355515,303763.41540546075,2771719.823223702,pt_G16_DN,G15_DN.link:pt_G15_DN,,,default_pt,pt,Green,183_6145_DN,38354.0,G16_DN.link:pt_G16_DN,G14_DN.link:pt_G14_DN,subway,G16_DN.link:pt_G16_DN,G15_DN.link:pt_G15_DN
car_agent_14,3,pt,38354,38605,251,303763.41540546075,2771719.823223702,302503.61297324795,2771706.944751381,G15_DN.link:pt_G15_DN,pt_G14_DN,,,default_pt,pt,Green,183_6145_DN,,G16_DN.link:pt_G16_DN,G14_DN.link:pt_G14_DN,subway,G15_DN.link:pt_G15_DN,G14_DN.link:pt_G14_DN
car_agent_14,4,walk,38605,38606,1,302503.61297324795,2771706.944751381,302503.61,2771706.94,pt_G14_DN,90941,0.0072864767860186625,,generic,walk,,,,,,,,
car_agent_14,5,walk,67500,67501,1,302503.61,2771706.94,302503.61297324795,2771706.944751381,90941,pt_G14_UP,0.0072864767860186625,,generic,walk,,,,,,,,
car_agent_14,6,pt,67521,67655,134,302503.61297324795,2771706.944751381,303763.41540546075,2771719.823223702,pt_G14_UP,G15_UP.link:pt_G15_UP,,,default_pt,pt,Green,183_6292_UP,67521.0,G14_UP.link:pt_G14_UP,G16_UP.link:pt_G16_UP,subway,G14_UP.link:pt_G14_UP,G15_UP.link:pt_G15_UP
car_agent_14,6,pt,67521,67771,250,303763.41540546075,2771719.823223702,304919.30980199634,2771652.5361355515,G15_UP.link:pt_G15_UP,pt_G16_UP,,,default_pt,pt,Green,183_6292_UP,,G14_UP.link:pt_G14_UP,G16_UP.link:pt_G16_UP,subway,G15_UP.link:pt_G15_UP,G16_UP.link:pt_G16_UP
car_agent_14,7,walk,67771,67771,0,304919.30980199634,2771652.5361355515,304919.30980199634,2771652.5361355515,pt_G16_UP,pt_BR11_DN,0.0,,generic,walk,,,,,,,,
car_agent_14,8,pt,67800,67950,150,304919.30980199634,2771652.5361355515,304996.8532790921,2770512.496446124,pt_BR11_DN,pt_BR10_DN,,,default_pt,pt,Brown,brownTripN1_DN,67800.0,BR11_DN.link:pt_BR11_DN,BR10_DN.link:pt_BR10_DN,subway,BR11_DN.link:pt_BR11_DN,BR10_DN.link:pt_BR10_DN
car_agent_14,9,walk,67950,67951,1,304996.8532790921,2770512.496446124,304996.85,2770512.5,pt_BR10_DN,131549,0.006286206587170651,,generic,walk,,,,,,,,
car_agent_15,0,walk,39600,45135,5535,302301.05,2769507.0,308143.01,2770426.5,51390,5707,7688.044026070897,,generic,walk,,,,,,,,
car_agent_15,1,walk,69300,74835,5535,308143.01,2770426.5,302301.05,2769507.0,5707,51390,7688.044026070897,,generic,walk,,,,,,,,
pt_agent_01,0,walk,28800,28801,1,294035.05,2762173.24,294035.0508794822,2762173.23895046,142527,pt_BL02_UP,0.0017801093003381118,,generic,walk,,,,,,,,
pt_agent_01,1,pt,28995,29116,121,294035.0508794822,2762173.23895046,294859.6990734095,2762874.8386587347,pt_BL02_UP,BL03_UP.link:pt_BL03_UP,,,default_pt,pt,Blue,403_1462_UP,28995.0,BL02_UP.link:pt_BL02_UP,BL14_UP.link:pt_BL14_UP,subway,BL02_UP.link:pt_BL02_UP,BL03_UP.link:pt_BL03_UP
pt_agent_01,1,pt,28995,29253,258,294859.6990734095,2762874.8386587347,295300.4898398059,2764224.8517480693,BL03_UP.link:pt_BL03_UP,BL04_UP.link:pt_BL04_UP,,,default_pt,pt,Blue,403_1462_UP,,BL02_UP.link:pt_BL02_UP,BL14_UP.link:pt_BL14_UP,subway,BL03_UP.link:pt_BL03_UP,BL04_UP.link:pt_BL04_UP
pt_agent_01,1,pt,28995,29428,433,295300.4898398059,2764224.8517480693,295672.75806585717,2765663.266213558,BL04_UP.link:pt_BL04_UP,BL05_UP.link:pt_BL05_UP,,,default_pt,pt,Blue,403_1462_UP,,BL02_UP.link:pt_BL02_UP,BL14_UP.link:pt_BL14_UP,subway,BL04_UP.link:pt_BL04_UP,BL05_UP.link:pt_BL05_UP
pt_agent_01,1,pt,28995,29552,557,295672.75806585717,2765663.266213558,296356.4617399499,2766793.710940271,BL05_UP.link:pt_BL05_UP,BL06_UP.link:pt_BL06_UP,,,default_pt,pt,Blue,403_1462_UP,,BL02_UP.link:pt_BL02_UP,BL14_UP.link:pt_BL14_UP,subway,BL05_UP.link:pt_BL05_UP,BL06_UP.link:pt_BL06_UP
pt_agent_01,1,pt,28995,29650,655,296356.4617399499,2766793.710940271,296660.1690383145,2767388.4471152932,BL06_UP.link:pt_BL06_UP,BL07_UP.link:pt_BL07_UP,,,default_pt,pt,Blue,403_1462_UP,,BL02_UP.link:pt_BL02_UP,BL14_UP.link:pt_BL14_UP,subway,BL06_UP.link:pt_BL06_UP,BL07_UP.link:pt_BL07_UP
pt_agent_01,1,pt,28995,29786,791,296660.1690383145,2767388.4471152932,297236.90702420456,2768436.6099721375,BL07_UP.link:pt_BL07_UP,BL08_UP.link:pt_BL08_UP,,,default_pt,pt,Blue,403_1462_UP,,BL02_UP.link:pt_BL02_UP,BL14_UP.link:pt_BL14_UP,subway,BL07_UP.link:pt_BL07_UP,BL08_UP.link:pt_BL08_UP
pt_agent_01,1,pt,28995,29895,900,297236.90702420456,2768436.6099721375,297689.8716625933,2769212.9908094765,BL08_UP.link:pt_BL08_UP,BL09_UP.link:pt_BL09_UP,,,default_pt,pt,Blue,403_1462_UP,,BL02_UP.link:pt_BL02_UP,BL14_UP.link:pt_BL14_UP,subway,BL08_UP.link:pt_BL08_UP,BL09_UP.link:pt_BL09_UP
pt_agent_01,1,pt,28995,30120,1125,297689.8716625933,2769212.9908094765,300488.7872939309,2769778.5391352274,BL09_UP.link:pt_BL09_UP,BL10_UP.link:pt_BL10_UP,,,default_pt,pt,Blue,403_1462_UP,,BL02_UP.link:pt_BL02_UP,BL14_UP.link:pt_BL14_UP,subway,BL09_UP.link:pt_BL09_UP,BL10_UP.link:pt_BL10_UP
pt_agent_01,1,pt,28995,30266,1271,300488.7872939309,2769778.5391352274,301278.15512185276,2770528.600776343,BL10_UP.link:pt_BL10_UP,BL11_UP.link:pt_BL11_UP,,,default_pt,pt,Blue,403_1462_UP,,BL02_UP.link:pt_BL02_UP,BL14_UP.link:pt_BL14_UP,subway,BL10_UP.link:pt_BL10_UP,BL11_UP.link:pt_BL11_UP
pt_agent_01,1,pt,28995,30430,1435,301278.15512185276,2770528.600776343,302208.73284823,2771006.7627904457,BL11_UP.link:pt_BL11_UP,BL12_UP.link:pt_BL12_UP,,,default_pt,pt,Blue,403_1462_UP,,BL02_UP.link:pt_BL02_UP,BL14_UP.link:pt_BL14_UP,subway,BL11_UP.link:pt_BL11_UP,BL12_UP.link:pt_BL12_UP
pt_agent_01,1,pt,28995,30539,1544,302208.73284823,2771006.7627904457,302862.28591230744,2770828.7266682894,BL12_UP.link:pt_BL12_UP,BL13_UP.link:pt_BL13_UP,,,default_pt,pt,Blue,403_1462_UP,,BL02_UP.link:pt_BL02_UP,BL14_UP.link:pt_BL14_UP,subway,BL12_UP.link:pt_BL12_UP,BL13_UP.link:pt_BL13_UP
pt_agent_01,1,pt,28995,30644,1649,302862.28591230744,2770828.7266682894,303804.1887079433,2770590.710859173,BL13_UP.link:pt_BL13_UP,pt_BL14_UP,,,default_pt,pt,Blue,403_1462_UP,,BL02_UP.link:pt_BL02_UP,BL14_UP.link:pt_BL14_UP,subway,BL13_UP.link:pt_BL13_UP,BL14_UP.link:pt_BL14_UP
pt_agent_01,2,walk,30644,30645,1,303804.1887079433,2770590.710859173,303804.19,2770590.71,pt_BL14_UP,130880,0.002017132872603192,,generic,walk,,,,,,,,
pt_agent_01,3,walk,59580,59581,1,303804.19,2770590.71,303804.1887079433,2770590.710859173,130880,pt_BL14_DN,0.002017132872603192,,generic,walk,,,,,,,,
pt_agent_01,4,pt,59612,59736,124,303804.1887079433,2770590.710859173,302862.28591230744,2770828.7266682894,pt_BL14_DN,BL13_DN.link:pt_BL13_DN,,,default_pt,pt,Blue,403_1295_DN,59612.0,BL14_DN.link:pt_BL14_DN,BL02_DN.link:pt_BL02_DN,subway,BL14_DN.link:pt_BL14_DN,BL13_DN.link:pt_BL13_DN
pt_agent_01,4,pt,59612,59833,221,302862.28591230744,2770828.7266682894,302208.73284823,2771006.7627904457,BL13_DN.link:pt_BL13_DN,BL12_DN.link:pt_BL12_DN,,,default_pt,pt,Blue,403_1295_DN,,BL14_DN.link:pt_BL14_DN,BL02_DN.link:pt_BL02_DN,subway,BL13_DN.link:pt_BL13_DN,BL12_DN.link:pt_BL12_DN
pt_agent_01,4,pt,59612,60003,391,302208.73284823,2771006.7627904457,301278.15512185276,2770528.600776343,BL12_DN.link:pt_BL12_DN,BL11_DN.link:pt_BL11_DN,,,default_pt,pt,Blue,403_1295_DN,,BL14_DN.link:pt_BL14_DN,BL02_DN.link:pt_BL02_DN,subway,BL12_DN.link:pt_BL12_DN,BL11_DN.link:pt_BL11_DN
pt_agent_01,4,pt,59612,60160,548,301278.15512185276,2770528.600776343,300488.7872939309,2769778.5391352274,BL11_DN.link:pt_BL11_DN,BL10_DN.link:pt_BL10_DN,,,default_pt,pt,Blue,403_1295_DN,,BL14_DN.link:pt_BL14_DN,BL02_DN.link:pt_BL02_DN,subway,BL11_DN.link:pt_BL11_DN,BL10_DN.link:pt_BL10_DN
pt_agent_01,4,pt,59612,60382,770,300488.7872939309,2769778.5391352274,297689.8716625933,2769212.9908094765,BL10_DN.link:pt_BL10_DN,BL09_DN.link:pt_BL09_DN,,,default_pt,pt,Blue,403_1295_DN,,BL14_DN.link:pt_BL14_DN,BL02_DN.link:pt_BL02_DN,subway,BL10_DN.link:pt_BL10_DN,BL09_DN.link:pt_BL09_DN
pt_agent_01,4,pt,59612,60489,877,297689.8716625933,2769212.9908094765,297236.90702420456,2768436.6099721375,BL09_DN.link:pt_BL09_DN,BL08_DN.link:pt_BL08_DN,,,default_pt,pt,Blue,403_1295_DN,,BL14_DN.link:pt_BL14_DN,BL02_DN.link:pt_BL02_DN,subway,BL09_DN.link:pt_BL09_DN,BL08_DN.link:pt_BL08_DN
pt_agent_01,4,pt,59612,60616,1004,297236.90702420456,2768436.6099721375,296660.1690383145,2767388.4471152932,BL08_DN.link:pt_BL08_DN,BL07_DN.link:pt_BL07_DN,,,default_pt,pt,Blue,403_1295_DN,,BL14_DN.link:pt_BL14_DN,BL02_DN.link:pt_BL02_DN,subway,BL08_DN.link:pt_BL08_DN,BL07_DN.link:pt_BL07_DN
pt_agent_01,4,pt,59612,60708,1096,296660.1690383145,2767388.4471152932,296356.4617399499,2766793.710940271,BL07_DN.link:pt_BL07_DN,BL06_DN.link:pt_BL06_DN,,,default_pt,pt,Blue,403_1295_DN,,BL14_DN.link:pt_BL14_DN,BL02_DN.link:pt_BL02_DN,subway,BL07_DN.link:pt_BL07_DN,BL06_DN.link:pt_BL06_DN
pt_agent_01,4,pt,59612,60835,1223,296356.4617399499,2766793.710940271,295672.75806585717,2765663.266213558,BL06_DN.link:pt_BL06_DN,BL05_DN.link:pt_BL05_DN,,,default_pt,pt,Blue,403_1295_DN,,BL14_DN.link:pt_BL14_DN,BL02_DN.link:pt_BL02_DN,subway,BL06_DN.link:pt_BL06_DN,BL05_DN.link:pt_BL05_DN
pt_agent_01,4,pt,59612,60997,1385,295672.75806585717,2765663.266213558,295300.4898398059,2764224.8517480693,BL05_DN.link:pt_BL05_DN,BL04_DN.link:pt_BL04_DN,,,default_pt,pt,Blue,403_1295_DN,,BL14_DN.link:pt_BL14_DN,BL02_DN.link:pt_BL02_DN,subway,BL05_DN.link:pt_BL05_DN,BL04_DN.link:pt_BL04_DN
pt_agent_01,4,pt,59612,61124,1512,295300.4898398059,2764224.8517480693,294859.6990734095,2762874.8386587347,BL04_DN.link:pt_BL04_DN,BL03_DN.link:pt_BL03_DN,,,default_pt,pt,Blue,403_1295_DN,,BL14_DN.link:pt_BL14_DN,BL02_DN.link:pt_BL02_DN,subway,BL04_DN.link:pt_BL04_DN,BL03_DN.link:pt_BL03_DN
pt_agent_01,4,pt,59612,61240,1628,294859.6990734095,2762874.8386587347,294035.0508794822,2762173.23895046,BL03_DN.link:pt_BL03_DN,pt_BL02_DN,,,default_pt,pt,Blue,403_1295_DN,,BL14_DN.link:pt_BL14_DN,BL02_DN.link:pt_BL02_DN,subway,BL03_DN.link:pt_BL03_DN,BL02_DN.link:pt_BL02_DN
pt_agent_01,5,walk,61240,61241,1,294035.0508794822,2762173.23895046,294035.05,2762173.24,pt_BL02_DN,142527,0.0017801093003381118,,generic,walk,,,,,,,,
pt_agent_02,0,walk,25200,25201,1,294035.05,2762173.24,294035.0508794822,2762173.23895046,142527,pt_BL02_UP,0.0017801093003381118,,generic,walk,,,,,,,,
pt_agent_02,1,pt,25277,25398,121,294035.0508794822,2762173.23895046,294859.6990734095,2762874.8386587347,pt_BL02_UP,BL03_UP.link:pt_BL03_UP,,,default_pt,pt,Blue,403_2008_UP,25277.0,BL02_UP.link:pt_BL02_UP,BL16_UP.link:pt_BL16_UP,subway,BL02_UP.link:pt_BL02_UP,BL03_UP.link:pt_BL03_UP
pt_agent_02,1,pt,25277,25550,273,294859.6990734095,2762874.8386587347,295300.4898398059,2764224.8517480693,BL03_UP.link:pt_BL03_UP,BL04_UP.link:pt_BL04_UP,,,default_pt,pt,Blue,403_2008_UP,,BL02_UP.link:pt_BL02_UP,BL16_UP.link:pt_BL16_UP,subway,BL03_UP.link:pt_BL03_UP,BL04_UP.link:pt_BL04_UP
pt_agent_02,1,pt,25277,25725,448,295300.4898398059,2764224.8517480693,295672.75806585717,2765663.266213558,BL04_UP.link:pt_BL04_UP,BL05_UP.link:pt_BL05_UP,,,default_pt,pt,Blue,403_2008_UP,,BL02_UP.link:pt_BL02_UP,BL16_UP.link:pt_BL16_UP,subway,BL04_UP.link:pt_BL04_UP,BL05_UP.link:pt_BL05_UP
pt_agent_02,1,pt,25277,25844,567,295672.75806585717,2765663.266213558,296356.4617399499,2766793.710940271,BL05_UP.link:pt_BL05_UP,BL06_UP.link:pt_BL06_UP,,,default_pt,pt,Blue,403_2008_UP,,BL02_UP.link:pt_BL02_UP,BL16_UP.link:pt_BL16_UP,subway,BL05_UP.link:pt_BL05_UP,BL06_UP.link:pt_BL06_UP
pt_agent_02,1,pt,25277,25938,661,296356.4617399499,2766793.710940271,296660.1690383145,2767388.4471152932,BL06_UP.link:pt_BL06_UP,BL07_UP.link:pt_BL07_UP,,,default_pt,pt,Blue,403_2008_UP,,BL02_UP.link:pt_BL02_UP,BL16_UP.link:pt_BL16_UP,subway,BL06_UP.link:pt_BL06_UP,BL07_UP.link:pt_BL07_UP
pt_agent_02,1,pt,25277,26072,795,296660.1690383145,2767388.4471152932,297236.90702420456,2768436.6099721375,BL07_UP.link:pt_BL07_UP,BL08_UP.link:pt_BL08_UP,,,default_pt,pt,Blue,403_2008_UP,,BL02_UP.link:pt_BL02_UP,BL16_UP.link:pt_BL16_UP,subway,BL07_UP.link:pt_BL07_UP,BL08_UP.link:pt_BL08_UP
pt_agent_02,1,pt,25277,26177,900,297236.90702420456,2768436.6099721375,297689.8716625933,2769212.9908094765,BL08_UP.link:pt_BL08_UP,BL09_UP.link:pt_BL09_UP,,,default_pt,pt,Blue,403_2008_UP,,BL02_UP.link:pt_BL02_UP,BL16_UP.link:pt_BL16_UP,subway,BL08_UP.link:pt_BL08_UP,BL09_UP.link:pt_BL09_UP
pt_agent_02,1,pt,25277,26396,1119,297689.8716625933,2769212.9908094765,300488.7872939309,2769778.5391352274,BL09_UP.link:pt_BL09_UP,BL10_UP.link:pt_BL10_UP,,,default_pt,pt,Blue,403_2008_UP,,BL02_UP.link:pt_BL02_UP,BL16_UP.link:pt_BL16_UP,subway,BL09_UP.link:pt_BL09_UP,BL10_UP.link:pt_BL10_UP
pt_agent_02,1,pt,25277,26535,1258,300488.7872939309,2769778.5391352274,301278.15512185276,2770528.600776343,BL10_UP.link:pt_BL10_UP,BL11_UP.link:pt_BL11_UP,,,default_pt,pt,Blue,403_2008_UP,,BL02_UP.link:pt_BL02_UP,BL16_UP.link:pt_BL16_UP,subway,BL10_UP.link:pt_BL10_UP,BL11_UP.link:pt_BL11_UP
pt_agent_02,1,pt,25277,26700,1423,301278.15512185276,2770528.600776343,302208.73284823,2771006.7627904457,BL11_UP.link:pt_BL11_UP,BL12_UP.link:pt_BL12_UP,,,default_pt,pt,Blue,403_2008_UP,,BL02_UP.link:pt_BL02_UP,BL16_UP.link:pt_BL16_UP,subway,BL11_UP.link:pt_BL11_UP,BL12_UP.link:pt_BL12_UP
pt_agent_02,1,pt,25277,26799,1522,302208.73284823,2771006.7627904457,302862.28591230744,2770828.7266682894,BL12_UP.link:pt_BL12_UP,BL13_UP.link:pt_BL13_UP,,,default_pt,pt,Blue,403_2008_UP,,BL02_UP.link:pt_BL02_UP,BL16_UP.link:pt_BL16_UP,subway,BL12_UP.link:pt_BL12_UP,BL13_UP.link:pt_BL13_UP
pt_agent_02,1,pt,25277,26904,1627,302862.28591230744,2770828.7266682894,303804.1887079433,2770590.710859173,BL13_UP.link:pt_BL13_UP,BL14_UP.link:pt_BL14_UP,,,default_pt,pt,Blue,403_2008_UP,,BL02_UP.link:pt_BL02_UP,BL16_UP.link:pt_BL16_UP,subway,BL13_UP.link:pt_BL13_UP,BL14_UP.link:pt_BL14_UP
pt_agent_02,1,pt,25277,27018,1741,303804.1887079433,2770590.710859173,304996.8532790921,2770512.496446124,BL14_UP.link:pt_BL14_UP,BL15_UP.link:pt_BL15_UP,,,default_pt,pt,Blue,403_2008_UP,,BL02_UP.link:pt_BL02_UP,BL16_UP.link:pt_BL16_UP,subway,BL14_UP.link:pt_BL14_UP,BL15_UP.link:pt_BL15_UP
pt_agent_02,1,pt,25277,27111,1834,304996.8532790921,2770512.496446124,305544.2927337069,2770487.684429254,BL15_UP.link:pt_BL15_UP,pt_BL16_UP,,,default_pt,pt,Blue,403_2008_UP,,BL02_UP.link:pt_BL02_UP,BL16_UP.link:pt_BL16_UP,subway,BL15_UP.link:pt_BL15_UP,BL16_UP.link:pt_BL16_UP
pt_agent_02,2,walk,27111,27112,1,305544.2927337069,2770487.684429254,305544.29,2770487.68,pt_BL16_UP,62785,0.006766427221521743,,generic,walk,,,,,,,,
pt_agent_02,3,walk,55980,55981,1,305544.29,2770487.68,305544.2927337069,2770487.684429254,62785,pt_BL16_DN,0.006766427221521743,,generic,walk,,,,,,,,
pt_agent_02,4,pt,56505,56596,91,305544.2927337069,2770487.684429254,304996.8532790921,2770512.496446124,pt_BL16_DN,BL15_DN.link:pt_BL15_DN,,,default_pt,pt,Blue,403_1437_DN,56505.0,BL16_DN.link:pt_BL16_DN,BL02_DN.link:pt_BL02_DN,subway,BL16_DN.link:pt_BL16_DN,BL15_DN.link:pt_BL15_DN
pt_agent_02,4,pt,56505,56732,227,304996.8532790921,2770512.496446124,303804.1887079433,2770590.710859173,BL15_DN.link:pt_BL15_DN,BL14_DN.link:pt_BL14_DN,,,default_pt,pt,Blue,403_1437_DN,,BL16_DN.link:pt_BL16_DN,BL02_DN.link:pt_BL02_DN,subway,BL15_DN.link:pt_BL15_DN,BL14_DN.link:pt_BL14_DN
pt_agent_02,4,pt,56505,56856,351,303804.1887079433,2770590.710859173,302862.28591230744,2770828.7266682894,BL14_DN.link:pt_BL14_DN,BL13_DN.link:pt_BL13_DN,,,default_pt,pt,Blue,403_1437_DN,,BL16_DN.link:pt_BL16_DN,BL02_DN.link:pt_BL02_DN,subway,BL14_DN.link:pt_BL14_DN,BL13_DN.link:pt_BL13_DN
pt_agent_02,4,pt,56505,56953,448,302862.28591230744,2770828.7266682894,302208.73284823,2771006.7627904457,BL13_DN.link:pt_BL13_DN,BL12_DN.link:pt_BL12_DN,,,default_pt,pt,Blue,403_1437_DN,,BL16_DN.link:pt_BL16_DN,BL02_DN.link:pt_BL02_DN,subway,BL13_DN.link:pt_BL13_DN,BL12_DN.link:pt_BL12_DN
pt_agent_02,4,pt,56505,57123,618,302208.73284823,2771006.7627904457,301278.15512185276,2770528.600776343,BL12_DN.link:pt_BL12_DN,BL11_DN.link:pt_BL11_DN,,,default_pt,pt,Blue,403_1437_DN,,BL16_DN.link:pt_BL16_DN,BL02_DN.link:pt_BL02_DN,subway,BL12_DN.link:pt_BL12_DN,BL11_DN.link:pt_BL11_DN
pt_agent_02,4,pt,56505,57280,775,301278.15512185276,2770528.600776343,300488.7872939309,2769778.5391352274,BL11_DN.link:pt_BL11_DN,BL10_DN.link:pt_BL10_DN,,,default_pt,pt,Blue,403_1437_DN,,BL16_DN.link:pt_BL16_DN,BL02_DN.link:pt_BL02_DN,subway,BL11_DN.link:pt_BL11_DN,BL10_DN.link:pt_BL10_DN
pt_agent_02,4,pt,56505,57502,997,300488.7872939309,2769778.5391352274,297689.8716625933,2769212.9908094765,BL10_DN.link:pt_BL10_DN,BL09_DN.link:pt_BL09_DN,,,default_pt,pt,Blue,403_1437_DN,,BL16_DN.link:pt_BL16_DN,BL02_DN.link:pt_BL02_DN,subway,BL10_DN.link:pt_BL10_DN,BL09_DN.link:pt_BL09_DN
pt_agent_02,4,pt,56505,57609,1104,297689.8716625933,2769212.9908094765,297236.90702420456,2768436.6099721375,BL09_DN.link:pt_BL09_DN,BL08_DN.link:pt_BL08_DN,,,default_pt,pt,Blue,403_1437_DN,,BL16_DN.link:pt_BL16_DN,BL02_DN.link:pt_BL02_DN,subway,BL09_DN.link:pt_BL09_DN,BL08_DN.link:pt_BL08_DN
pt_agent_02,4,pt,56505,57744,1239,297236.90702420456,2768436.6099721375,296660.1690383145,2767388.4471152932,BL08_DN.link:pt_BL08_DN,BL07_DN.link:pt_BL07_DN,,,default_pt,pt,Blue,403_1437_DN,,BL16_DN.link:pt_BL16_DN,BL02_DN.link:pt_BL02_DN,subway,BL08_DN.link:pt_BL08_DN,BL07_DN.link:pt_BL07_DN
pt_agent_02,4,pt,56505,57840,1335,296660.1690383145,2767388.4471152932,296356.4617399499,2766793.710940271,BL07_DN.link:pt_BL07_DN,BL06_DN.link:pt_BL06_DN,,,default_pt,pt,Blue,403_1437_DN,,BL16_DN.link:pt_BL16_DN,BL02_DN.link:pt_BL02_DN,subway,BL07_DN.link:pt_BL07_DN,BL06_DN.link:pt_BL06_DN
pt_agent_02,4,pt,56505,57979,1474,296356.4617399499,2766793.710940271,295672.75806585717,2765663.266213558,BL06_DN.link:pt_BL06_DN,BL05_DN.link:pt_BL05_DN,,,default_pt,pt,Blue,403_1437_DN,,BL16_DN.link:pt_BL16_DN,BL02_DN.link:pt_BL02_DN,subway,BL06_DN.link:pt_BL06_DN,BL05_DN.link:pt_BL05_DN
pt_agent_02,4,pt,56505,58153,1648,295672.75806585717,2765663.266213558,295300.4898398059,2764224.8517480693,BL05_DN.link:pt_BL05_DN,BL04_DN.link:pt_BL04_DN,,,default_pt,pt,Blue,403_1437_DN,,BL16_DN.link:pt_BL16_DN,BL02_DN.link:pt_BL02_DN,subway,BL05_DN.link:pt_BL05_DN,BL04_DN.link:pt_BL04_DN
pt_agent_02,4,pt,56505,58296,1791,295300.4898398059,2764224.8517480693,294859.6990734095,2762874.8386587347,BL04_DN.link:pt_BL04_DN,BL03_DN.link:pt_BL03_DN,,,default_pt,pt,Blue,403_1437_DN,,BL16_DN.link:pt_BL16_DN,BL02_DN.link:pt_BL02_DN,subway,BL04_DN.link:pt_BL04_DN,BL03_DN.link:pt_BL03_DN
pt_agent_02,4,pt,56505,58419,1914,294859.6990734095,2762874.8386587347,294035.0508794822,2762173.23895046,BL03_DN.link:pt_BL03_DN,pt_BL02_DN,,,default_pt,pt,Blue,403_1437_DN,,BL16_DN.link:pt_BL16_DN,BL02_DN.link:pt_BL02_DN,subway,BL03_DN.link:pt_BL03_DN,BL02_DN.link:pt_BL02_DN
pt_agent_02,5,walk,58419,58420,1,294035.0508794822,2762173.23895046,294035.05,2762173.24,pt_BL02_DN,142527,0.0017801093003381118,,generic,walk,,,,,,,,
pt_agent_03,0,walk,23400,23401,1,296356.46,2766793.71,296356.4617399499,2766793.710940271,142529,pt_BL06_UP,0.002571088265434176,,generic,walk,,,,,,,,
pt_agent_03,1,pt,23465,23553,88,296356.4617399499,2766793.710940271,296660.1690383145,2767388.4471152932,pt_BL06_UP,BL07_UP.link:pt_BL07_UP,,,default_pt,pt,Blue,403_1460_UP,23465.0,BL06_UP.link:pt_BL06_UP,BL12_UP.link:pt_BL12_UP,subway,BL06_UP.link:pt_BL06_UP,BL07_UP.link:pt_BL07_UP
pt_agent_03,1,pt,23465,23679,214,296660.1690383145,2767388.4471152932,297236.90702420456,2768436.6099721375,BL07_UP.link:pt_BL07_UP,BL08_UP.link:pt_BL08_UP,,,default_pt,pt,Blue,403_1460_UP,,BL06_UP.link:pt_BL06_UP,BL12_UP.link:pt_BL12_UP,subway,BL07_UP.link:pt_BL07_UP,BL08_UP.link:pt_BL08_UP
pt_agent_03,1,pt,23465,23784,319,297236.90702420456,2768436.6099721375,297689.8716625933,2769212.9908094765,BL08_UP.link:pt_BL08_UP,BL09_UP.link:pt_BL09_UP,,,default_pt,pt,Blue,403_1460_UP,,BL06_UP.link:pt_BL06_UP,BL12_UP.link:pt_BL12_UP,subway,BL08_UP.link:pt_BL08_UP,BL09_UP.link:pt_BL09_UP
pt_agent_03,1,pt,23465,24003,538,297689.8716625933,2769212.9908094765,300488.7872939309,2769778.5391352274,BL09_UP.link:pt_BL09_UP,BL10_UP.link:pt_BL10_UP,,,default_pt,pt,Blue,403_1460_UP,,BL06_UP.link:pt_BL06_UP,BL12_UP.link:pt_BL12_UP,subway,BL09_UP.link:pt_BL09_UP,BL10_UP.link:pt_BL10_UP
pt_agent_03,1,pt,23465,24134,669,300488.7872939309,2769778.5391352274,301278.15512185276,2770528.600776343,BL10_UP.link:pt_BL10_UP,BL11_UP.link:pt_BL11_UP,,,default_pt,pt,Blue,403_1460_UP,,BL06_UP.link:pt_BL06_UP,BL12_UP.link:pt_BL12_UP,subway,BL10_UP.link:pt_BL10_UP,BL11_UP.link:pt_BL11_UP
pt_agent_03,1,pt,23465,24288,823,301278.15512185276,2770528.600776343,302208.73284823,2771006.7627904457,BL11_UP.link:pt_BL11_UP,pt_BL12_UP,,,default_pt,pt,Blue,403_1460_UP,,BL06_UP.link:pt_BL06_UP,BL12_UP.link:pt_BL12_UP,subway,BL11_UP.link:pt_BL11_UP,BL12_UP.link:pt_BL12_UP
pt_agent_03,2,walk,24288,24289,1,302208.73284823,2771006.7627904457,302208.73,2771006.76,pt_BL12_UP,24116,0.005183561952480208,,generic,walk,,,,,,,,
pt_agent_03,3,walk,54180,54181,1,302208.73,2771006.76,302208.73284823,2771006.7627904457,24116,pt_BL12_DN,0.005183561952480208,,generic,walk,,,,,,,,
pt_agent_03,4,pt,54353,54523,170,302208.73284823,2771006.7627904457,301278.15512185276,2770528.600776343,pt_BL12_DN,BL11_DN.link:pt_BL11_DN,,,default_pt,pt,Blue,403_1143_DN,54353.0,BL12_DN.link:pt_BL12_DN,BL06_DN.link:pt_BL06_DN,subway,BL12_DN.link:pt_BL12_DN,BL11_DN.link:pt_BL11_DN
pt_agent_03,4,pt,54353,54680,327,301278.15512185276,2770528.600776343,300488.7872939309,2769778.5391352274,BL11_DN.link:pt_BL11_DN,BL10_DN.link:pt_BL10_DN,,,default_pt,pt,Blue,403_1143_DN,,BL12_DN.link:pt_BL12_DN,BL06_DN.link:pt_BL06_DN,subway,BL11_DN.link:pt_BL11_DN,BL10_DN.link:pt_BL10_DN
pt_agent_03,4,pt,54353,54902,549,300488.7872939309,2769778.5391352274,297689.8716625933,2769212.9908094765,BL10_DN.link:pt_BL10_DN,BL09_DN.link:pt_BL09_DN,,,default_pt,pt,Blue,403_1143_DN,,BL12_DN.link:pt_BL12_DN,BL06_DN.link:pt_BL06_DN,subway,BL10_DN.link:pt_BL10_DN,BL09_DN.link:pt_BL09_DN
pt_agent_03,4,pt,54353,55009,656,297689.8716625933,2769212.9908094765,297236.90702420456,2768436.6099721375,BL09_DN.link:pt_BL09_DN,BL08_DN.link:pt_BL08_DN,,,default_pt,pt,Blue,403_1143_DN,,BL12_DN.link:pt_BL12_DN,BL06_DN.link:pt_BL06_DN,subway,BL09_DN.link:pt_BL09_DN,BL08_DN.link:pt_BL08_DN
pt_agent_03,4,pt,54353,55144,791,297236.90702420456,2768436.6099721375,296660.1690383145,2767388.4471152932,BL08_DN.link:pt_BL08_DN,BL07_DN.link:pt_BL07_DN,,,default_pt,pt,Blue,403_1143_DN,,BL12_DN.link:pt_BL12_DN,BL06_DN.link:pt_BL06_DN,subway,BL08_DN.link:pt_BL08_DN,BL07_DN.link:pt_BL07_DN
pt_agent_03,4,pt,54353,55240,887,296660.1690383145,2767388.4471152932,296356.4617399499,2766793.710940271,BL07_DN.link:pt_BL07_DN,pt_BL06_DN,,,default_pt,pt,Blue,403_1143_DN,,BL12_DN.link:pt_BL12_DN,BL06_DN.link:pt_BL06_DN,subway,BL07_DN.link:pt_BL07_DN,BL06_DN.link:pt_BL06_DN
pt_agent_03,5,walk,55240,55241,1,296356.4617399499,2766793.710940271,296356.46,2766793.71,pt_BL06_DN,142529,0.002571088265434176,,generic,walk,,,,,,,,
pt_agent_04,0,walk,27900,27901,1,300488.79,2769778.54,300488.7872939309,2769778.5391352274,119734,pt_BL10_UP,0.003693153699061138,,generic,walk,,,,,,,,
pt_agent_04,1,pt,27993,28142,149,300488.7872939309,2769778.5391352274,301278.15512185276,2770528.600776343,pt_BL10_UP,BL11_UP.link:pt_BL11_UP,,,default_pt,pt,Blue,403_1208_UP,27993.0,BL10_UP.link:pt_BL10_UP,BL15_UP.link:pt_BL15_UP,subway,BL10_UP.link:pt_BL10_UP,BL11_UP.link:pt_BL11_UP
pt_agent_04,1,pt,27993,28317,324,301278.15512185276,2770528.600776343,302208.73284823,2771006.7627904457,BL11_UP.link:pt_BL11_UP,BL12_UP.link:pt_BL12_UP,,,default_pt,pt,Blue,403_1208_UP,,BL10_UP.link:pt_BL10_UP,BL15_UP.link:pt_BL15_UP,subway,BL11_UP.link:pt_BL11_UP,BL12_UP.link:pt_BL12_UP
pt_agent_04,1,pt,27993,28426,433,302208.73284823,2771006.7627904457,302862.28591230744,2770828.7266682894,BL12_UP.link:pt_BL12_UP,BL13_UP.link:pt_BL13_UP,,,default_pt,pt,Blue,403_1208_UP,,BL10_UP.link:pt_BL10_UP,BL15_UP.link:pt_BL15_UP,subway,BL12_UP.link:pt_BL12_UP,BL13_UP.link:pt_BL13_UP
pt_agent_04,1,pt,27993,28531,538,302862.28591230744,2770828.7266682894,303804.1887079433,2770590.710859173,BL13_UP.link:pt_BL13_UP,BL14_UP.link:pt_BL14_UP,,,default_pt,pt,Blue,403_1208_UP,,BL10_UP.link:pt_BL10_UP,BL15_UP.link:pt_BL15_UP,subway,BL13_UP.link:pt_BL13_UP,BL14_UP.link:pt_BL14_UP
pt_agent_04,1,pt,27993,28650,657,303804.1887079433,2770590.710859173,304996.8532790921,2770512.496446124,BL14_UP.link:pt_BL14_UP,pt_BL15_UP,,,default_pt,pt,Blue,403_1208_UP,,BL10_UP.link:pt_BL10_UP,BL15_UP.link:pt_BL15_UP,subway,BL14_UP.link:pt_BL14_UP,BL15_UP.link:pt_BL15_UP
pt_agent_04,2,walk,28650,28651,1,304996.8532790921,2770512.496446124,304996.85,2770512.5,pt_BL15_UP,131549,0.006286206587170651,,generic,walk,,,,,,,,
pt_agent_04,3,walk,58680,58681,1,304996.85,2770512.5,304996.8532790921,2770512.496446124,131549,pt_BL15_DN,0.006286206587170651,,generic,walk,,,,,,,,
pt_agent_04,4,pt,58916,59052,136,304996.8532790921,2770512.496446124,303804.1887079433,2770590.710859173,pt_BL15_DN,BL14_DN.link:pt_BL14_DN,,,default_pt,pt,Blue,403_1277_DN,58916.0,BL15_DN.link:pt_BL15_DN,BL10_DN.link:pt_BL10_DN,subway,BL15_DN.link:pt_BL15_DN,BL14_DN.link:pt_BL14_DN
pt_agent_04,4,pt,58916,59176,260,303804.1887079433,2770590.710859173,302862.28591230744,2770828.7266682894,BL14_DN.link:pt_BL14_DN,BL13_DN.link:pt_BL13_DN,,,default_pt,pt,Blue,403_1277_DN,,BL15_DN.link:pt_BL15_DN,BL10_DN.link:pt_BL10_DN,subway,BL14_DN.link:pt_BL14_DN,BL13_DN.link:pt_BL13_DN
pt_agent_04,4,pt,58916,59273,357,302862.28591230744,2770828.7266682894,302208.73284823,2771006.7627904457,BL13_DN.link:pt_BL13_DN,BL12_DN.link:pt_BL12_DN,,,default_pt,pt,Blue,403_1277_DN,,BL15_DN.link:pt_BL15_DN,BL10_DN.link:pt_BL10_DN,subway,BL13_DN.link:pt_BL13_DN,BL12_DN.link:pt_BL12_DN
pt_agent_04,4,pt,58916,59430,514,302208.73284823,2771006.7627904457,301278.15512185276,2770528.600776343,BL12_DN.link:pt_BL12_DN,BL11_DN.link:pt_BL11_DN,,,default_pt,pt,Blue,403_1277_DN,,BL15_DN.link:pt_BL15_DN,BL10_DN.link:pt_BL10_DN,subway,BL12_DN.link:pt_BL12_DN,BL11_DN.link:pt_BL11_DN
pt_agent_04,4,pt,58916,59570,654,301278.15512185276,2770528.600776343,300488.7872939309,2769778.5391352274,BL11_DN.link:pt_BL11_DN,pt_BL10_DN,,,default_pt,pt,Blue,403_1277_DN,,BL15_DN.link:pt_BL15_DN,BL10_DN.link:pt_BL10_DN,subway,BL11_DN.link:pt_BL11_DN,BL10_DN.link:pt_BL10_DN
pt_agent_04,5,walk,59570,59571,1,300488.7872939309,2769778.5391352274,300488.79,2769778.54,pt_BL10_DN,119734,0.003693153699061138,,generic,walk,,,,,,,,
pt_agent_05,0,walk,28800,28801,1,301278.16,2770528.6,301278.15512185276,2770528.600776343,110633,pt_BL11_UP,0.006421398494310942,,generic,walk,,,,,,,,
pt_agent_05,1,pt,28852,29016,164,301278.15512185276,2770528.600776343,302208.73284823,2771006.7627904457,pt_BL11_UP,BL12_UP.link:pt_BL12_UP,,,default_pt,pt,Blue,403_1002_UP,28852.0,BL11_UP.link:pt_BL11_UP,BL19_UP.link:pt_BL19_UP,subway,BL11_UP.link:pt_BL11_UP,BL12_UP.link:pt_BL12_UP
pt_agent_05,1,pt,28852,29125,273,302208.73284823,2771006.7627904457,302862.28591230744,2770828.7266682894,BL12_UP.link:pt_BL12_UP,BL13_UP.link:pt_BL13_UP,,,default_pt,pt,Blue,403_1002_UP,,BL11_UP.link:pt_BL11_UP,BL19_UP.link:pt_BL19_UP,subway,BL12_UP.link:pt_BL12_UP,BL13_UP.link:pt_BL13_UP
pt_agent_05,1,pt,28852,29227,375,302862.28591230744,2770828.7266682894,303804.1887079433,2770590.710859173,BL13_UP.link:pt_BL13_UP,BL14_UP.link:pt_BL14_UP,,,default_pt,pt,Blue,403_1002_UP,,BL11_UP.link:pt_BL11_UP,BL19_UP.link:pt_BL19_UP,subway,BL13_UP.link:pt_BL13_UP,BL14_UP.link:pt_BL14_UP
pt_agent_05,1,pt,28852,29346,494,303804.1887079433,2770590.710859173,304996.8532790921,2770512.496446124,BL14_UP.link:pt_BL14_UP,BL15_UP.link:pt_BL15_UP,,,default_pt,pt,Blue,403_1002_UP,,BL11_UP.link:pt_BL11_UP,BL19_UP.link:pt_BL19_UP,subway,BL14_UP.link:pt_BL14_UP,BL15_UP.link:pt_BL15_UP
pt_agent_05,1,pt,28852,29444,592,304996.8532790921,2770512.496446124,305544.2927337069,2770487.684429254,BL15_UP.link:pt_BL15_UP,BL16_UP.link:pt_BL16_UP,,,default_pt,pt,Blue,403_1002_UP,,BL11_UP.link:pt_BL11_UP,BL19_UP.link:pt_BL19_UP,subway,BL15_UP.link:pt_BL15_UP,BL16_UP.link:pt_BL16_UP
pt_agent_05,1,pt,28852,29533,681,305544.2927337069,2770487.684429254,306287.5499477385,2770475.773540563,BL16_UP.link:pt_BL16_UP,BL17_UP.link:pt_BL17_UP,,,default_pt,pt,Blue,403_1002_UP,,BL11_UP.link:pt_BL11_UP,BL19_UP.link:pt_BL19_UP,subway,BL16_UP.link:pt_BL16_UP,BL17_UP.link:pt_BL17_UP
pt_agent_05,1,pt,28852,29637,785,306287.5499477385,2770475.773540563,307081.8149554937,2770453.0393493082,BL17_UP.link:pt_BL17_UP,BL18_UP.link:pt_BL18_UP,,,default_pt,pt,Blue,403_1002_UP,,BL11_UP.link:pt_BL11_UP,BL19_UP.link:pt_BL19_UP,subway,BL17_UP.link:pt_BL17_UP,BL18_UP.link:pt_BL18_UP
pt_agent_05,1,pt,28852,29757,905,307081.8149554937,2770453.0393493082,308143.0114224102,2770426.500366562,BL18_UP.link:pt_BL18_UP,pt_BL19_UP,,,default_pt,pt,Blue,403_1002_UP,,BL11_UP.link:pt_BL11_UP,BL19_UP.link:pt_BL19_UP,subway,BL18_UP.link:pt_BL18_UP,BL19_UP.link:pt_BL19_UP
pt_agent_05,2,walk,29757,29758,1,308143.0114224102,2770426.500366562,308143.01,2770426.5,pt_BL19_UP,5707,0.0019095484381845245,,generic,walk,,,,,,,,
pt_agent_05,3,walk,59580,59581,1,308143.01,2770426.5,308143.0114224102,2770426.500366562,5707,pt_BL19_DN,0.0019095484381845245,,generic,walk,,,,,,,,
pt_agent_05,4,pt,59790,59905,115,308143.0114224102,2770426.500366562,307081.8149554937,2770453.0393493082,pt_BL19_DN,BL18_DN.link:pt_BL18_DN,,,default_pt,pt,Blue,403_2043_DN,59790.0,BL19_DN.link:pt_BL19_DN,BL11_DN.link:pt_BL11_DN,subway,BL19_DN.link:pt_BL19_DN,BL18_DN.link:pt_BL18_DN
pt_agent_05,4,pt,59790,60010,220,307081.8149554937,2770453.0393493082,306287.5499477385,2770475.773540563,BL18_DN.link:pt_BL18_DN,BL17_DN.link:pt_BL17_DN,,,default_pt,pt,Blue,403_2043_DN,,BL19_DN.link:pt_BL19_DN,BL11_DN.link:pt_BL11_DN,subway,BL18_DN.link:pt_BL18_DN,BL17_DN.link:pt_BL17_DN
pt_agent_05,4,pt,59790,60105,315,306287.5499477385,2770475.773540563,305544.2927337069,2770487.684429254,BL17_DN.link:pt_BL17_DN,BL16_DN.link:pt_BL16_DN,,,default_pt,pt,Blue,403_2043_DN,,BL19_DN.link:pt_BL19_DN,BL11_DN.link:pt_BL11_DN,subway,BL17_DN.link:pt_BL17_DN,BL16_DN.link:pt_BL16_DN
pt_agent_05,4,pt,59790,60196,406,305544.2927337069,2770487.684429254,304996.8532790921,2770512.496446124,BL16_DN.link:pt_BL16_DN,BL15_DN.link:pt_BL15_DN,,,default_pt,pt,Blue,403_2043_DN,,BL19_DN.link:pt_BL19_DN,BL11_DN.link:pt_BL11_DN,subway,BL16_DN.link:pt_BL16_DN,BL15_DN.link:pt_BL15_DN
pt_agent_05,4,pt,59790,60332,542,304996.8532790921,2770512.496446124,303804.1887079433,2770590.710859173,BL15_DN.link:pt_BL15_DN,BL14_DN.link:pt_BL14_DN,,,default_pt,pt,Blue,403_2043_DN,,BL19_DN.link:pt_BL19_DN,BL11_DN.link:pt_BL11_DN,subway,BL15_DN.link:pt_BL15_DN,BL14_DN.link:pt_BL14_DN
pt_agent_05,4,pt,59790,60456,666,303804.1887079433,2770590.710859173,302862.28591230744,2770828.7266682894,BL14_DN.link:pt_BL14_DN,BL13_DN.link:pt_BL13_DN,,,default_pt,pt,Blue,403_2043_DN,,BL19_DN.link:pt_BL19_DN,BL11_DN.link:pt_BL11_DN,subway,BL14_DN.link:pt_BL14_DN,BL13_DN.link:pt_BL13_DN
pt_agent_05,4,pt,59790,60553,763,302862.28591230744,2770828.7266682894,302208.73284823,2771006.7627904457,BL13_DN.link:pt_BL13_DN,BL12_DN.link:pt_BL12_DN,,,default_pt,pt,Blue,403_2043_DN,,BL19_DN.link:pt_BL19_DN,BL11_DN.link:pt_BL11_DN,subway,BL13_DN.link:pt_BL13_DN,BL12_DN.link:pt_BL12_DN
pt_agent_05,4,pt,59790,60723,933,302208.73284823,2771006.7627904457,301278.15512185276,2770528.600776343,BL12_DN.link:pt_BL12_DN,pt_BL11_DN,,,default_pt,pt,Blue,403_2043_DN,,BL19_DN.link:pt_BL19_DN,BL11_DN.link:pt_BL11_DN,subway,BL12_DN.link:pt_BL12_DN,BL11_DN.link:pt_BL11_DN
pt_agent_05,5,walk,60723,60724,1,301278.15512185276,2770528.600776343,301278.16,2770528.6,pt_BL11_DN,110633,0.006421398494310942,,generic,walk,,,,,,,,
pt_agent_06,0,walk,26100,26101,1,302862.29,2770828.73,302862.28591230744,2770828.7266682894,7933,pt_BL13_UP,0.006855515909499069,,generic,walk,,,,,,,,
pt_agent_06,1,pt,26157,26262,105,302862.28591230744,2770828.7266682894,303804.1887079433,2770590.710859173,pt_BL13_UP,BL14_UP.link:pt_BL14_UP,,,default_pt,pt,Blue,403_2142_UP,26157.0,BL13_UP.link:pt_BL13_UP,BL22_UP.link:pt_BL22_UP,subway,BL13_UP.link:pt_BL13_UP,BL14_UP.link:pt_BL14_UP
pt_agent_06,1,pt,26157,26381,224,303804.1887079433,2770590.710859173,304996.8532790921,2770512.496446124,BL14_UP.link:pt_BL14_UP,BL15_UP.link:pt_BL15_UP,,,default_pt,pt,Blue,403_2142_UP,,BL13_UP.link:pt_BL13_UP,BL22_UP.link:pt_BL22_UP,subway,BL14_UP.link:pt_BL14_UP,BL15_UP.link:pt_BL15_UP
pt_agent_06,1,pt,26157,26479,322,304996.8532790921,2770512.496446124,305544.2927337069,2770487.684429254,BL15_UP.link:pt_BL15_UP,BL16_UP.link:pt_BL16_UP,,,default_pt,pt,Blue,403_2142_UP,,BL13_UP.link:pt_BL13_UP,BL22_UP.link:pt_BL22_UP,subway,BL15_UP.link:pt_BL15_UP,BL16_UP.link:pt_BL16_UP
pt_agent_06,1,pt,26157,26571,414,305544.2927337069,2770487.684429254,306287.5499477385,2770475.773540563,BL16_UP.link:pt_BL16_UP,BL17_UP.link:pt_BL17_UP,,,default_pt,pt,Blue,403_2142_UP,,BL13_UP.link:pt_BL13_UP,BL22_UP.link:pt_BL22_UP,subway,BL16_UP.link:pt_BL16_UP,BL17_UP.link:pt_BL17_UP
pt_agent_06,1,pt,26157,26672,515,306287.5499477385,2770475.773540563,307081.8149554937,2770453.0393493082,BL17_UP.link:pt_BL17_UP,BL18_UP.link:pt_BL18_UP,,,default_pt,pt,Blue,403_2142_UP,,BL13_UP.link:pt_BL13_UP,BL22_UP.link:pt_BL22_UP,subway,BL17_UP.link:pt_BL17_UP,BL18_UP.link:pt_BL18_UP
pt_agent_06,1,pt,26157,26784,627,307081.8149554937,2770453.0393493082,308143.0114224102,2770426.500366562,BL18_UP.link:pt_BL18_UP,BL19_UP.link:pt_BL19_UP,,,default_pt,pt,Blue,403_2142_UP,,BL13_UP.link:pt_BL13_UP,BL22_UP.link:pt_BL22_UP,subway,BL18_UP.link:pt_BL18_UP,BL19_UP.link:pt_BL19_UP
pt_agent_06,1,pt,26157,26883,726,308143.0114224102,2770426.500366562,308753.6953534854,2770856.678763286,BL19_UP.link:pt_BL19_UP,BL20_UP.link:pt_BL20_UP,,,default_pt,pt,Blue,403_2142_UP,,BL13_UP.link:pt_BL13_UP,BL22_UP.link:pt_BL22_UP,subway,BL19_UP.link:pt_BL19_UP,BL20_UP.link:pt_BL20_UP
pt_agent_06,1,pt,26157,27007,850,308753.6953534854,2770856.678763286,309856.694396023,2771497.6674138824,BL20_UP.link:pt_BL20_UP,BL21_UP.link:pt_BL21_UP,,,default_pt,pt,Blue,403_2142_UP,,BL13_UP.link:pt_BL13_UP,BL22_UP.link:pt_BL22_UP,subway,BL20_UP.link:pt_BL20_UP,BL21_UP.link:pt_BL21_UP
pt_agent_06,1,pt,26157,27136,979,309856.694396023,2771497.6674138824,311242.4601240803,2771678.440148688,BL21_UP.link:pt_BL21_UP,pt_BL22_UP,,,default_pt,pt,Blue,403_2142_UP,,BL13_UP.link:pt_BL13_UP,BL22_UP.link:pt_BL22_UP,subway,BL21_UP.link:pt_BL21_UP,BL22_UP.link:pt_BL22_UP
pt_agent_06,2,walk,27136,27137,1,311242.4601240803,2771678.440148688,311242.46,2771678.44,pt_BL22_UP,119606,0.0002517574468614746,,generic,walk,,,,,,,,
pt_agent_06,3,walk,56880,56881,1,311242.46,2771678.44,311242.4601240803,2771678.440148688,119606,pt_BL22_DN,0.0002517574468614746,,generic,walk,,,,,,,,
pt_agent_06,4,pt,56981,57106,125,311242.4601240803,2771678.440148688,309856.694396023,2771497.6674138824,pt_BL22_DN,BL21_DN.link:pt_BL21_DN,,,default_pt,pt,Blue,403_1239_DN,56981.0,BL22_DN.link:pt_BL22_DN,BL13_DN.link:pt_BL13_DN,subway,BL22_DN.link:pt_BL22_DN,BL21_DN.link:pt_BL21_DN
pt_agent_06,4,pt,56981,57247,266,309856.694396023,2771497.6674138824,308753.6953534854,2770856.678763286,BL21_DN.link:pt_BL21_DN,BL20_DN.link:pt_BL20_DN,,,default_pt,pt,Blue,403_1239_DN,,BL22_DN.link:pt_BL22_DN,BL13_DN.link:pt_BL13_DN,subway,BL21_DN.link:pt_BL21_DN,BL20_DN.link:pt_BL20_DN
pt_agent_06,4,pt,56981,57350,369,308753.6953534854,2770856.678763286,308143.0114224102,2770426.500366562,BL20_DN.link:pt_BL20_DN,BL19_DN.link:pt_BL19_DN,,,default_pt,pt,Blue,403_1239_DN,,BL22_DN.link:pt_BL22_DN,BL13_DN.link:pt_BL13_DN,subway,BL20_DN.link:pt_BL20_DN,BL19_DN.link:pt_BL19_DN
pt_agent_06,4,pt,56981,57465,484,308143.0114224102,2770426.500366562,307081.8149554937,2770453.0393493082,BL19_DN.link:pt_BL19_DN,BL18_DN.link:pt_BL18_DN,,,default_pt,pt,Blue,403_1239_DN,,BL22_DN.link:pt_BL22_DN,BL13_DN.link:pt_BL13_DN,subway,BL19_DN.link:pt_BL19_DN,BL18_DN.link:pt_BL18_DN
pt_agent_06,4,pt,56981,57570,589,307081.8149554937,2770453.0393493082,306287.5499477385,2770475.773540563,BL18_DN.link:pt_BL18_DN,BL17_DN.link:pt_BL17_DN,,,default_pt,pt,Blue,403_1239_DN,,BL22_DN.link:pt_BL22_DN,BL13_DN.link:pt_BL13_DN,subway,BL18_DN.link:pt_BL18_DN,BL17_DN.link:pt_BL17_DN
pt_agent_06,4,pt,56981,57665,684,306287.5499477385,2770475.773540563,305544.2927337069,2770487.684429254,BL17_DN.link:pt_BL17_DN,BL16_DN.link:pt_BL16_DN,,,default_pt,pt,Blue,403_1239_DN,,BL22_DN.link:pt_BL22_DN,BL13_DN.link:pt_BL13_DN,subway,BL17_DN.link:pt_BL17_DN,BL16_DN.link:pt_BL16_DN
pt_agent_06,4,pt,56981,57756,775,305544.2927337069,2770487.684429254,304996.8532790921,2770512.496446124,BL16_DN.link:pt_BL16_DN,BL15_DN.link:pt_BL15_DN,,,default_pt,pt,Blue,403_1239_DN,,BL22_DN.link:pt_BL22_DN,BL13_DN.link:pt_BL13_DN,subway,BL16_DN.link:pt_BL16_DN,BL15_DN.link:pt_BL15_DN
pt_agent_06,4,pt,56981,57892,911,304996.8532790921,2770512.496446124,303804.1887079433,2770590.710859173,BL15_DN.link:pt_BL15_DN,BL14_DN.link:pt_BL14_DN,,,default_pt,pt,Blue,403_1239_DN,,BL22_DN.link:pt_BL22_DN,BL13_DN.link:pt_BL13_DN,subway,BL15_DN.link:pt_BL15_DN,BL14_DN.link:pt_BL14_DN
pt_agent_06,4,pt,56981,58016,1035,303804.1887079433,2770590.710859173,302862.28591230744,2770828.7266682894,BL14_DN.link:pt_BL14_DN,pt_BL13_DN,,,default_pt,pt,Blue,403_1239_DN,,BL22_DN.link:pt_BL22_DN,BL13_DN.link:pt_BL13_DN,subway,BL14_DN.link:pt_BL14_DN,BL13_DN.link:pt_BL13_DN
pt_agent_06,5,walk,58016,58017,1,302862.28591230744,2770828.7266682894,302862.29,2770828.73,pt_BL13_DN,7933,0.006855515909499069,,generic,walk,,,,,,,,
pt_agent_07,0,walk,25200,34250,9050,304653.74,2762280.15,302503.61,2771706.94,28986,90941,12569.556656401659,,generic,walk,,,,,,,,
pt_agent_07,1,walk,55980,65030,9050,302503.61,2771706.94,304653.74,2762280.15,90941,28986,12569.556656401659,,generic,walk,,,,,,,,
pt_agent_08,0,walk,27000,30588,3588,304581.7,2765091.56,304639.7768068918,2768924.7689445927,28986,28986,4983.743542860343,,generic,walk,,,,,,,,
pt_agent_08,1,car,30588,30885,297,304639.7768068918,2768924.7689445927,303772.09762209293,2771719.406602792,28986,102932,4027.939454551225,pt_agent_08,links,car,,,,,,,,
pt_agent_08,2,walk,30885,30893,8,303772.09762209293,2771719.406602792,303763.41,2771719.82,102932,102932,11.306687868234485,,generic,walk,,,,,,,,
pt_agent_08,3,walk,57780,57788,8,303763.41,2771719.82,303772.09762209293,2771719.406602792,102932,102932,11.306687868234485,,generic,walk,,,,,,,,
pt_agent_08,4,car,57788,58088,300,303772.09762209293,2771719.406602792,304639.7768068918,2768924.7689445927,102932,28986,3627.8295556691996,pt_agent_08,links,car,,,,,,,,
pt_agent_08,5,walk,58088,61676,3588,304639.7768068918,2768924.7689445927,304581.7,2765091.56,28986,28986,4983.743542860343,,generic,walk,,,,,,,,
pt_agent_09,0,walk,27900,31875,3975,303932.15,2767521.08,304919.31,2771652.54,161309,24062,5522.0851812759465,,generic,walk,,,,,,,,
pt_agent_09,1,walk,58680,62655,3975,304919.31,2771652.54,303932.15,2767521.08,24062,161309,5522.0851812759465,,generic,walk,,,,,,,,
pt_agent_10,0,walk,27900,33485,5585,303302.34,2768177.9,308290.6,2771453.17,133441,168838,7757.649261654228,,generic,walk,,,,,,,,
pt_agent_10,1,walk,58680,64265,5585,308290.6,2771453.17,303302.34,2768177.9,168838,133441,7757.649261654228,,generic,walk,,,,,,,,
pt_agent_11,0,walk,27000,29135,2135,302767.5,2768800.55,301278.16,2770528.6,160299,110633,2965.6788161213212,,generic,walk,,,,,,,,
pt_agent_11,1,walk,57780,59915,2135,301278.16,2770528.6,302767.5,2768800.55,110633,160299,2965.6788161213212,,generic,walk,,,,,,,,
pt_agent_12,0,walk,27900,33593,5693,300989.14,2765199.1,303804.19,2770590.71,29737,130880,7906.946355697091,,generic,walk,,,,,,,,
pt_agent_12,1,walk,58680,64373,5693,303804.19,2770590.71,300989.14,2765199.1,130880,29737,7906.946355697091,,generic,walk,,,,,,,,
pt_agent_13,0,walk,28800,31356,2556,301602.28,2766195.52,301761.0396066156,2768921.9555748934,44435,44435,3550.370106184052,,generic,walk,,,,,,,,
pt_agent_13,1,car,31356,31800,444,301761.0396066156,2768921.9555748934,303772.09762209293,2771719.406602792,44435,102932,5437.223753599818,pt_agent_13,links,car,,,,,,,,
pt_agent_13,2,walk,31800,31808,8,303772.09762209293,2771719.406602792,303763.41,2771719.82,102932,102932,11.306687868234485,,generic,walk,,,,,,,,
pt_agent_13,3,walk,59580,59588,8,303763.41,2771719.82,303772.09762209293,2771719.406602792,102932,102932,11.306687868234485,,generic,walk,,,,,,,,
pt_agent_13,4,car,59588,60005,417,303772.09762209293,2771719.406602792,301761.0396066156,2768921.9555748934,102932,44435,5520.596546380854,pt_agent_13,links,car,,,,,,,,
pt_agent_13,5,walk,60005,62561,2556,301761.0396066156,2768921.9555748934,301602.28,2766195.52,44435,44435,3550.370106184052,,generic,walk,,,,,,,,
pt_agent_14,0,walk,27900,27901,1,302025.35,2767411.46,302025.3483841501,2767411.4599689436,123308,pt_O04_UP,0.002100992824891371,,generic,walk,,,,,,,,
pt_agent_14,1,pt,28051,28268,217,302025.3483841501,2767411.4599689436,302767.4955182893,2768800.5491248276,pt_O04_UP,O05_UP.link:pt_O05_UP,,,default_pt,pt,Orange,389_2232_UP,28051.0,O04_UP.link:pt_O04_UP,O09_UP.link:pt_O09_UP,subway,O04_UP.link:pt_O04_UP,O05_UP.link:pt_O05_UP
pt_agent_14,1,pt,28051,28448,397,302767.4955182893,2768800.5491248276,303359.4757763461,2769635.9259388153,O05_UP.link:pt_O05_UP,O06_UP.link:pt_O06_UP,,,default_pt,pt,Orange,389_2232_UP,,O04_UP.link:pt_O04_UP,O09_UP.link:pt_O09_UP,subway,O05_UP.link:pt_O05_UP,O06_UP.link:pt_O06_UP
pt_agent_14,1,pt,28051,28615,564,303359.4757763461,2769635.9259388153,303804.1887079433,2770590.710859173,O06_UP.link:pt_O06_UP,O07_UP.link:pt_O07_UP,,,default_pt,pt,Orange,389_2232_UP,,O04_UP.link:pt_O04_UP,O09_UP.link:pt_O09_UP,subway,O06_UP.link:pt_O06_UP,O07_UP.link:pt_O07_UP
pt_agent_14,1,pt,28051,28743,692,303804.1887079433,2770590.710859173,303763.41540546075,2771719.823223702,O07_UP.link:pt_O07_UP,O08_UP.link:pt_O08_UP,,,default_pt,pt,Orange,389_2232_UP,,O04_UP.link:pt_O04_UP,O09_UP.link:pt_O09_UP,subway,O07_UP.link:pt_O07_UP,O08_UP.link:pt_O08_UP
pt_agent_14,1,pt,28051,28850,799,303763.41540546075,2771719.823223702,303790.82744149654,2772445.1257657353,O08_UP.link:pt_O08_UP,pt_O09_UP,,,default_pt,pt,Orange,389_2232_UP,,O04_UP.link:pt_O04_UP,O09_UP.link:pt_O09_UP,subway,O08_UP.link:pt_O08_UP,O09_UP.link:pt_O09_UP
pt_agent_14,2,walk,28850,28851,1,303790.82744149654,2772445.1257657353,303790.83,2772445.13,pt_O09_UP,14982,0.006431379567822095,,generic,walk,,,,,,,,
pt_agent_14,3,walk,58680,58681,1,303790.83,2772445.13,303790.82744149654,2772445.1257657353,14982,pt_O09_DN,0.006431379567822095,,generic,walk,,,,,,,,
pt_agent_14,4,pt,58746,58851,105,303790.82744149654,2772445.1257657353,303763.41540546075,2771719.823223702,pt_O09_DN,O08_DN.link:pt_O08_DN,,,default_pt,pt,Orange,389_2167_DN,58746.0,O09_DN.link:pt_O09_DN,O04_DN.link:pt_O04_DN,subway,O09_DN.link:pt_O09_DN,O08_DN.link:pt_O08_DN
pt_agent_14,4,pt,58746,58991,245,303763.41540546075,2771719.823223702,303804.1887079433,2770590.710859173,O08_DN.link:pt_O08_DN,O07_DN.link:pt_O07_DN,,,default_pt,pt,Orange,389_2167_DN,,O09_DN.link:pt_O09_DN,O04_DN.link:pt_O04_DN,subway,O08_DN.link:pt_O08_DN,O07_DN.link:pt_O07_DN
pt_agent_14,4,pt,58746,59157,411,303804.1887079433,2770590.710859173,303359.4757763461,2769635.9259388153,O07_DN.link:pt_O07_DN,O06_DN.link:pt_O06_DN,,,default_pt,pt,Orange,389_2167_DN,,O09_DN.link:pt_O09_DN,O04_DN.link:pt_O04_DN,subway,O07_DN.link:pt_O07_DN,O06_DN.link:pt_O06_DN
pt_agent_14,4,pt,58746,59362,616,303359.4757763461,2769635.9259388153,302767.4955182893,2768800.5491248276,O06_DN.link:pt_O06_DN,O05_DN.link:pt_O05_DN,,,default_pt,pt,Orange,389_2167_DN,,O09_DN.link:pt_O09_DN,O04_DN.link:pt_O04_DN,subway,O06_DN.link:pt_O06_DN,O05_DN.link:pt_O05_DN
pt_agent_14,4,pt,58746,59573,827,302767.4955182893,2768800.5491248276,302025.3483841501,2767411.4599689436,O05_DN.link:pt_O05_DN,pt_O04_DN,,,default_pt,pt,Orange,389_2167_DN,,O09_DN.link:pt_O09_DN,O04_DN.link:pt_O04_DN,subway,O05_DN.link:pt_O05_DN,O04_DN.link:pt_O04_DN
pt_agent_14,5,walk,59573,59574,1,302025.3483841501,2767411.4599689436,302025.35,2767411.46,pt_O04_DN,123308,0.002100992824891371,,generic,walk,,,,,,,,
pt_agent_15,0,walk,26100,27058,958,302767.5,2768800.55,303359.48,2769635.93,160299,61869,1331.0248342961006,,generic,walk,,,,,,,,
pt_agent_15,1,walk,56880,57838,958,303359.48,2769635.93,302767.5,2768800.55,61869,160299,1331.0248342961006,,generic,walk,,,,,,,,
pt_agent_16,0,walk,36000,36049,49,307533.02,2769486.82,307533.63454980805,2769539.3801249443,142285,142285,68.3328328516582,,generic,walk,,,,,,,,
pt_agent_16,1,car,36049,36459,410,307533.63454980805,2769539.3801249443,302208.3430382476,2771005.3149012844,142285,24116,6496.623067035868,pt_agent_16,links,car,,,,,,,,
pt_agent_16,2,walk,36459,36460,1,302208.3430382476,2771005.3149012844,302208.73,2771006.76,24116,24116,1.9448146401350181,,generic,walk,,,,,,,,
pt_agent_16,3,walk,66780,66781,1,302208.73,2771006.76,302208.3430382476,2771005.3149012844,24116,24116,1.9448146401350181,,generic,walk,,,,,,,,
pt_agent_16,4,car,66781,67422,641,302208.3430382476,2771005.3149012844,307533.63454980805,2769539.3801249443,24116,142285,9336.008457862567,pt_agent_16,links,car,,,,,,,,
pt_agent_16,5,walk,67422,67471,49,307533.63454980805,2769539.3801249443,307533.02,2769486.82,142285,142285,68.3328328516582,,generic,walk,,,,,,,,
pt_agent_17,0,walk,34200,34202,2,306881.99,2769536.16,306882.0435191901,2769538.632510682,88079,88079,3.2150167970916206,,generic,walk,,,,,,,,
pt_agent_17,1,car,34202,34770,568,306882.0435191901,2769538.632510682,302502.98145308736,2771704.199149313,88079,90941,7819.296994500991,pt_agent_17,links,car,,,,,,,,
pt_agent_17,2,walk,34770,34772,2,302502.98145308736,2771704.199149313,302503.61,2771706.94,90941,90941,3.655597621432326,,generic,walk,,,,,,,,
pt_agent_17,3,walk,64980,64982,2,302503.61,2771706.94,302502.98145308736,2771704.199149313,90941,90941,3.655597621432326,,generic,walk,,,,,,,,
pt_agent_17,4,car,64982,65355,373,302502.98145308736,2771704.199149313,306882.0435191901,2769538.632510682,90941,88079,6446.770215374008,pt_agent_17,links,car,,,,,,,,
pt_agent_17,5,walk,65355,65357,2,306882.0435191901,2769538.632510682,306881.99,2769536.16,88079,88079,3.2150167970916206,,generic,walk,,,,,,,,
pt_agent_18,0,walk,36000,41526,5526,304732.58,2769576.78,302953.21,2775206.77,34918,64975,7675.830707156993,,generic,walk,,,,,,,,
pt_agent_18,1,walk,66780,72306,5526,302953.21,2775206.77,304732.58,2769576.78,64975,34918,7675.830707156993,,generic,walk,,,,,,,,
pt_agent_19,0,walk,37800,48343,10543,303359.48,2769635.93,300280.05,2780471.08,61869,2120,14643.527111119867,,generic,walk,,,,,,,,
pt_agent_19,1,walk,68580,79123,10543,300280.05,2780471.08,303359.48,2769635.93,2120,61869,14643.527111119867,,generic,walk,,,,,,,,
pt_agent_20,0,walk,32400,47976,15576,302301.05,2769507.0,294938.56,2784431.87,51390,124493,21634.671847378122,,generic,walk,,,,,,,,
pt_agent_20,1,walk,63180,78756,15576,294938.56,2784431.87,302301.05,2769507.0,124493,51390,21634.671847378122,,generic,walk,,,,,,,,
pt_transfer_agent_02,0,walk,27900,35265,7365,296356.46,2766793.71,302503.61,2771706.94,142529,90941,10230.205610965253,,generic,walk,,,,,,,,
pt_transfer_agent_02,1,walk,58800,66165,7365,302503.61,2771706.94,296356.46,2766793.71,90941,142529,10230.205610965253,,generic,walk,,,,,,,,
pt_transfer_agent_04,0,walk,26100,29688,3588,304581.7,2765091.56,304639.7768068918,2768924.7689445927,28986,28986,4983.743542860343,,generic,walk,,,,,,,,
pt_transfer_agent_04,1,car,29688,30168,480,304639.7768068918,2768924.7689445927,302954.6624444266,2775213.5844318722,28986,64975,7451.658356808876,pt_transfer_agent_04,links,car,,,,,,,,
pt_transfer_agent_04,2,walk,30168,30174,6,302954.6624444266,2775213.5844318722,302953.21,2775206.77,64975,64975,9.05775189411617,,generic,walk,,,,,,,,
pt_transfer_agent_04,3,walk,57180,57186,6,302953.21,2775206.77,302954.6624444266,2775213.5844318722,64975,64975,9.05775189411617,,generic,walk,,,,,,,,
pt_transfer_agent_04,4,car,57186,57695,509,302954.6624444266,2775213.5844318722,304639.7768068918,2768924.7689445927,64975,28986,7711.755998865554,pt_transfer_agent_04,links,car,,,,,,,,
pt_transfer_agent_04,5,walk,57695,61283,3588,304639.7768068918,2768924.7689445927,304581.7,2765091.56,28986,28986,4983.743542860343,,generic,walk,,,,,,,,
pt_transfer_agent_06,0,walk,27900,29295,1395,302025.35,2767411.46,302063.24432263896,2768902.0798972975,123308,123308,1938.4319389300354,,generic,walk,,,,,,,,
pt_transfer_agent_06,1,car,29295,30073,778,302063.24432263896,2768902.0798972975,308290.5833235487,2771453.7735914285,123308,168838,9584.780321275815,pt_transfer_agent_06,links,car,,,,,,,,
pt_transfer_agent_06,2,walk,30073,30073,0,308290.5833235487,2771453.7735914285,308290.6,2771453.17,168838,168838,0.7849682867740276,,generic,walk,,,,,,,,
pt_transfer_agent_06,3,walk,58860,58860,0,308290.6,2771453.17,308290.5833235487,2771453.7735914285,168838,168838,0.7849682867740276,,generic,walk,,,,,,,,
pt_transfer_agent_06,4,car,58860,59546,686,308290.5833235487,2771453.7735914285,302063.24432263896,2768902.0798972975,168838,123308,9688.05718009599,pt_transfer_agent_06,links,car,,,,,,,,
pt_transfer_agent_06,5,walk,59546,60941,1395,302063.24432263896,2768902.0798972975,302025.35,2767411.46,123308,123308,1938.4319389300354,,generic,walk,,,,,,,,
pt_transfer_agent_07,0,walk,25200,29032,3832,307533.02,2769486.82,304906.51,2772627.9,142285,151203,5322.851285315594,,generic,walk,,,,,,,,
pt_transfer_agent_07,1,walk,55740,59572,3832,304906.51,2772627.9,307533.02,2769486.82,151203,142285,5322.851285315594,,generic,walk,,,,,,,,
pt_transfer_agent_09,0,walk,39600,42607,3007,307344.07,2765739.32,307072.0067135596,2768940.564554337,27583,27583,4176.620029062735,,generic,walk,,,,,,,,
pt_transfer_agent_09,1,car,42607,42910,303,307072.0067135596,2768940.564554337,305544.43104231555,2770493.0390018015,27583,62785,3238.8327576487827,pt_transfer_agent_09,links,car,,,,,,,,
pt_transfer_agent_09,2,walk,42910,42915,5,305544.43104231555,2770493.0390018015,305544.29,2770487.68,62785,62785,6.96911476289376,,generic,walk,,,,,,,,
pt_transfer_agent_09,3,walk,70140,70145,5,305544.29,2770487.68,305544.43104231555,2770493.0390018015,62785,62785,6.96911476289376,,generic,walk,,,,,,,,
pt_transfer_agent_09,4,car,70145,70461,316,305544.43104231555,2770493.0390018015,307072.0067135596,2768940.564554337,62785,27583,3353.536480439475,pt_transfer_agent_09,links,car,,,,,,,,
pt_transfer_agent_09,5,walk,70461,73468,3007,307072.0067135596,2768940.564554337,307344.07,2765739.32,27583,27583,4176.620029062735,,generic,walk,,,,,,,,
pt_transfer_agent_10,0,walk,39600,44625,5025,306226.26,2766497.31,308290.6,2771453.17,137966,168838,6979.202037345358,,generic,walk,,,,,,,,
pt_transfer_agent_10,1,walk,70440,75465,5025,308290.6,2771453.17,306226.26,2766497.31,168838,137966,6979.202037345358,,generic,walk,,,,,,,,
walk_agent_01,0,walk,27000,27979,979,301278.16,2770528.6,302208.73,2771006.76,110633,24116,1360.0991848922308,,generic,walk,,,,,,,,
walk_agent_01,1,walk,50400,51379,979,302208.73,2771006.76,301278.16,2770528.6,24116,110633,1360.0991848922308,,generic,walk,,,,,,,,
walk_agent_02,0,walk,28800,29592,792,302767.5,2768800.55,302301.05,2769507.0,160299,51390,1100.5152322664433,,generic,walk,,,,,,,,
walk_agent_02,1,walk,52200,52992,792,302301.05,2769507.0,302767.5,2768800.55,51390,160299,1100.5152322664433,,generic,walk,,,,,,,,
walk_agent_03,0,walk,36000,36512,512,304996.85,2770512.5,305544.29,2770487.68,131549,62785,712.4030673291562,,generic,walk,,,,,,,,
walk_agent_03,1,walk,59400,59912,512,305544.29,2770487.68,304996.85,2770512.5,62785,131549,712.4030673291562,,generic,walk,,,,,,,,
walk_agent_04,0,walk,34200,34201,1,302503.61,2771706.94,302503.61297324795,2771706.944751381,90941,pt_G14_UP,0.0072864767860186625,,generic,walk,,,,,,,,
walk_agent_04,1,pt,34391,34531,140,302503.61297324795,2771706.944751381,303763.41540546075,2771719.823223702,pt_G14_UP,pt_G15_UP,,,default_pt,pt,Green,183_6284_UP,34391.0,G14_UP.link:pt_G14_UP,G15_UP.link:pt_G15_UP,subway,G14_UP.link:pt_G14_UP,G15_UP.link:pt_G15_UP
walk_agent_04,2,walk,34531,34532,1,303763.41540546075,2771719.823223702,303763.41,2771719.82,pt_G15_UP,102932,0.00818187228637136,,generic,walk,,,,,,,,
walk_agent_04,3,walk,57600,57601,1,303763.41,2771719.82,303763.41540546075,2771719.823223702,102932,pt_G15_DN,0.00818187228637136,,generic,walk,,,,,,,,
walk_agent_04,4,pt,57780,57910,130,303763.41540546075,2771719.823223702,302503.61297324795,2771706.944751381,pt_G15_DN,pt_G14_DN,,,default_pt,pt,Green,183_6011_DN,57780.0,G15_DN.link:pt_G15_DN,G14_DN.link:pt_G14_DN,subway,G15_DN.link:pt_G15_DN,G14_DN.link:pt_G14_DN
walk_agent_04,5,walk,57910,57911,1,302503.61297324795,2771706.944751381,302503.61,2771706.94,pt_G14_DN,90941,0.0072864767860186625,,generic,walk,,,,,,,,
walk_agent_05,0,walk,28800,29020,220,302767.5,2768800.55,302633.4602638628,2768994.450251998,160299,160299,306.43611082056094,,generic,walk,,,,,,,,
walk_agent_05,1,car,29020,29141,121,302633.4602638628,2768994.450251998,303360.557144235,2769643.64888984,160299,61869,1402.0115506672087,walk_agent_05,links,car,,,,,,,,
walk_agent_05,2,walk,29141,29148,7,303360.557144235,2769643.64888984,303359.48,2769635.93,61869,61869,10.13178834701163,,generic,walk,,,,,,,,
walk_agent_05,3,walk,52200,52207,7,303359.48,2769635.93,303360.557144235,2769643.64888984,61869,61869,10.13178834701163,,generic,walk,,,,,,,,
walk_agent_05,4,car,52207,52433,226,303360.557144235,2769643.64888984,302633.4602638628,2768994.450251998,61869,160299,2190.5238631112,walk_agent_05,links,car,,,,,,,,
walk_agent_05,5,walk,52433,52653,220,302633.4602638628,2768994.450251998,302767.5,2768800.55,160299,160299,306.43611082056094,,generic,walk,,,,,,,,
