person_id,leg_index,mode,start_time_s,end_time_s,trav_time_s,start_x,start_y,end_x,end_y,start_link,end_link,distance,vehicleRefId,route_type,mode_original,pt_transitLineId,pt_transitRouteId,pt_boardingTime_s,pt_accessFacilityId,pt_egressFacilityId,pt_transportMode
0,0,walk,28800,28856,56,302149.5977611235,2770981.3927179426,302208.6841850243,2770966.7424818203,31538,31538,79.13823977207238,,generic,walk,,,,,,
0,1,car,28856,29628,772,302208.6841850243,2770966.7424818203,293063.2820411516,2768866.8499156632,31538,8679,10818.690305517239,0,links,car,,,,,,
0,2,walk,29628,36615,6987,293063.2820411516,2768866.8499156632,292459.2054021727,2761426.1458051438,8679,8679,9704.740427020415,,generic,walk,,,,,,
0,3,walk,57600,64587,6987,292459.2054021727,2761426.1458051438,293063.2820411516,2768866.8499156632,8679,8679,9704.740427020415,,generic,walk,,,,,,
0,4,car,64587,65217,630,293063.2820411516,2768866.8499156632,302208.6841850243,2770966.7424818203,8679,31538,11028.044890436486,0,links,car,,,,,,
0,5,walk,65217,65273,56,302208.6841850243,2770966.7424818203,302149.5977611235,2770981.3927179426,31538,31538,79.13823977207238,,generic,walk,,,,,,
1,0,walk,28860,41598,12738,302149.5977611235,2770981.3927179426,292459.2054021727,2761426.1458051438,31538,8679,17691.774826260058,,generic,walk,,,,,,
1,1,walk,57660,70398,12738,292459.2054021727,2761426.1458051438,302149.5977611235,2770981.3927179426,8679,31538,17691.774826260058,,generic,walk,,,,,,
10,0,walk,29400,42138,12738,302149.5977611235,2770981.3927179426,292459.2054021727,2761426.1458051438,31538,8679,17691.774826260058,,generic,walk,,,,,,
10,1,walk,58200,70938,12738,292459.2054021727,2761426.1458051438,302149.5977611235,2770981.3927179426,8679,31538,17691.774826260058,,generic,walk,,,,,,
11,0,walk,29460,42198,12738,302149.5977611235,2770981.3927179426,292459.2054021727,2761426.1458051438,31538,8679,17691.774826260058,,generic,walk,,,,,,
11,1,walk,58260,70998,12738,292459.2054021727,2761426.1458051438,302149.5977611235,2770981.3927179426,8679,31538,17691.774826260058,,generic,walk,,,,,,
12,0,walk,29520,42258,12738,302149.5977611235,2770981.3927179426,292459.2054021727,2761426.1458051438,31538,8679,17691.774826260058,,generic,walk,,,,,,
12,1,walk,58320,71058,12738,292459.2054021727,2761426.1458051438,302149.5977611235,2770981.3927179426,8679,31538,17691.774826260058,,generic,walk,,,,,,
13,0,walk,29580,42318,12738,302149.5977611235,2770981.3927179426,292459.2054021727,2761426.1458051438,31538,8679,17691.774826260058,,generic,walk,,,,,,
13,1,walk,58380,71118,12738,292459.2054021727,2761426.1458051438,302149.5977611235,2770981.3927179426,8679,31538,17691.774826260058,,generic,walk,,,,,,
14,0,walk,29640,29696,56,302149.5977611235,2770981.3927179426,302208.6841850243,2770966.7424818203,31538,31538,79.13823977207238,,generic,walk,,,,,,
14,1,car,29696,30472,776,302208.6841850243,2770966.7424818203,293063.2820411516,2768866.8499156632,31538,8679,10818.690305517239,14,links,car,,,,,,
14,2,walk,30472,37459,6987,293063.2820411516,2768866.8499156632,292459.2054021727,2761426.1458051438,8679,8679,9704.740427020415,,generic,walk,,,,,,
14,3,walk,58440,65427,6987,292459.2054021727,2761426.1458051438,293063.2820411516,2768866.8499156632,8679,8679,9704.740427020415,,generic,walk,,,,,,
14,4,car,65427,66069,642,293063.2820411516,2768866.8499156632,302208.6841850243,2770966.7424818203,8679,31538,11028.044890436486,14,links,car,,,,,,
14,5,walk,66069,66125,56,302208.6841850243,2770966.7424818203,302149.5977611235,2770981.3927179426,31538,31538,79.13823977207238,,generic,walk,,,,,,
15,0,walk,29700,42438,12738,302149.5977611235,2770981.3927179426,292459.2054021727,2761426.1458051438,31538,8679,17691.774826260058,,generic,walk,,,,,,
15,1,walk,58500,71238,12738,292459.2054021727,2761426.1458051438,302149.5977611235,2770981.3927179426,8679,31538,17691.774826260058,,generic,walk,,,,,,
16,0,walk,29760,42498,12738,302149.5977611235,2770981.3927179426,292459.2054021727,2761426.1458051438,31538,8679,17691.774826260058,,generic,walk,,,,,,
16,1,walk,58560,71298,12738,292459.2054021727,2761426.1458051438,302149.5977611235,2770981.3927179426,8679,31538,17691.774826260058,,generic,walk,,,,,,
17,0,walk,29820,42558,12738,302149.5977611235,2770981.3927179426,292459.2054021727,2761426.1458051438,31538,8679,17691.774826260058,,generic,walk,,,,,,
17,1,walk,58620,71358,12738,292459.2054021727,2761426.1458051438,302149.5977611235,2770981.3927179426,8679,31538,17691.774826260058,,generic,walk,,,,,,
18,0,walk,29880,42618,12738,302149.5977611235,2770981.3927179426,292459.2054021727,2761426.1458051438,31538,8679,17691.774826260058,,generic,walk,,,,,,
18,1,walk,58680,71418,12738,292459.2054021727,2761426.1458051438,302149.5977611235,2770981.3927179426,8679,31538,17691.774826260058,,generic,walk,,,,,,
19,0,walk,29940,29996,56,302149.5977611235,2770981.3927179426,302208.6841850243,2770966.7424818203,31538,31538,79.13823977207238,,generic,walk,,,,,,
19,1,car,29996,30772,776,302208.6841850243,2770966.7424818203,293063.2820411516,2768866.8499156632,31538,8679,10818.690305517239,19,links,car,,,,,,
19,2,walk,30772,37759,6987,293063.2820411516,2768866.8499156632,292459.2054021727,2761426.1458051438,8679,8679,9704.740427020415,,generic,walk,,,,,,
19,3,walk,58740,65727,6987,292459.2054021727,2761426.1458051438,293063.2820411516,2768866.8499156632,8679,8679,9704.740427020415,,generic,walk,,,,,,
19,4,car,65727,66369,642,293063.2820411516,2768866.8499156632,302208.6841850243,2770966.7424818203,8679,31538,11028.044890436486,19,links,car,,,,,,
19,5,walk,66369,66425,56,302208.6841850243,2770966.7424818203,302149.5977611235,2770981.3927179426,31538,31538,79.13823977207238,,generic,walk,,,,,,
2,0,walk,28920,28976,56,302149.5977611235,2770981.3927179426,302208.6841850243,2770966.7424818203,31538,31538,79.13823977207238,,generic,walk,,,,,,
2,1,car,28976,29726,750,302208.6841850243,2770966.7424818203,293063.2820411516,2768866.8499156632,31538,8679,10962.149837825002,2,links,car,,,,,,
2,2,walk,29726,36713,6987,293063.2820411516,2768866.8499156632,292459.2054021727,2761426.1458051438,8679,8679,9704.740427020415,,generic,walk,,,,,,
2,3,walk,57720,64707,6987,292459.2054021727,2761426.1458051438,293063.2820411516,2768866.8499156632,8679,8679,9704.740427020415,,generic,walk,,,,,,
2,4,car,64707,65349,642,293063.2820411516,2768866.8499156632,302208.6841850243,2770966.7424818203,8679,31538,11028.044890436486,2,links,car,,,,,,
2,5,walk,65349,65405,56,302208.6841850243,2770966.7424818203,302149.5977611235,2770981.3927179426,31538,31538,79.13823977207238,,generic,walk,,,,,,
20,0,walk,30000,42738,12738,302149.5977611235,2770981.3927179426,292459.2054021727,2761426.1458051438,31538,8679,17691.774826260058,,generic,walk,,,,,,
20,1,walk,58800,71538,12738,292459.2054021727,2761426.1458051438,302149.5977611235,2770981.3927179426,8679,31538,17691.774826260058,,generic,walk,,,,,,
21,0,walk,30060,42798,12738,302149.5977611235,2770981.3927179426,292459.2054021727,2761426.1458051438,31538,8679,17691.774826260058,,generic,walk,,,,,,
21,1,walk,58860,71598,12738,292459.2054021727,2761426.1458051438,302149.5977611235,2770981.3927179426,8679,31538,17691.774826260058,,generic,walk,,,,,,
22,0,walk,30120,30176,56,302149.5977611235,2770981.3927179426,302208.6841850243,2770966.7424818203,31538,31538,79.13823977207238,,generic,walk,,,,,,
22,1,car,30176,30949,773,302208.6841850243,2770966.7424818203,293063.2820411516,2768866.8499156632,31538,8679,10814.93522185731,22,links,car,,,,,,
22,2,walk,30949,37936,6987,293063.2820411516,2768866.8499156632,292459.2054021727,2761426.1458051438,8679,8679,9704.740427020415,,generic,walk,,,,,,
22,3,walk,58920,65907,6987,292459.2054021727,2761426.1458051438,293063.2820411516,2768866.8499156632,8679,8679,9704.740427020415,,generic,walk,,,,,,
22,4,car,65907,66549,642,293063.2820411516,2768866.8499156632,302208.6841850243,2770966.7424818203,8679,31538,11028.044890436486,22,links,car,,,,,,
22,5,walk,66549,66605,56,302208.6841850243,2770966.7424818203,302149.5977611235,2770981.3927179426,31538,31538,79.13823977207238,,generic,walk,,,,,,
23,0,walk,30180,42918,12738,302149.5977611235,2770981.3927179426,292459.2054021727,2761426.1458051438,31538,8679,17691.774826260058,,generic,walk,,,,,,
23,1,walk,58980,71718,12738,292459.2054021727,2761426.1458051438,302149.5977611235,2770981.3927179426,8679,31538,17691.774826260058,,generic,walk,,,,,,
24,0,walk,30240,30296,56,302149.5977611235,2770981.3927179426,302208.6841850243,2770966.7424818203,31538,31538,79.13823977207238,,generic,walk,,,,,,
24,1,car,30296,31066,770,302208.6841850243,2770966.7424818203,293063.2820411516,2768866.8499156632,31538,8679,10831.133470341201,24,links,car,,,,,,
24,2,walk,31066,38053,6987,293063.2820411516,2768866.8499156632,292459.2054021727,2761426.1458051438,8679,8679,9704.740427020415,,generic,walk,,,,,,
24,3,walk,59040,66027,6987,292459.2054021727,2761426.1458051438,293063.2820411516,2768866.8499156632,8679,8679,9704.740427020415,,generic,walk,,,,,,
24,4,car,66027,66653,626,293063.2820411516,2768866.8499156632,302208.6841850243,2770966.7424818203,8679,31538,11028.044890436486,24,links,car,,,,,,
24,5,walk,66653,66709,56,302208.6841850243,2770966.7424818203,302149.5977611235,2770981.3927179426,31538,31538,79.13823977207238,,generic,walk,,,,,,
25,0,walk,30300,30356,56,302149.5977611235,2770981.3927179426,302208.6841850243,2770966.7424818203,31538,31538,79.13823977207238,,generic,walk,,,,,,
25,1,car,30356,31132,776,302208.6841850243,2770966.7424818203,293063.2820411516,2768866.8499156632,31538,8679,10818.690305517239,25,links,car,,,,,,
25,2,walk,31132,38119,6987,293063.2820411516,2768866.8499156632,292459.2054021727,2761426.1458051438,8679,8679,9704.740427020415,,generic,walk,,,,,,
25,3,walk,59100,66087,6987,292459.2054021727,2761426.1458051438,293063.2820411516,2768866.8499156632,8679,8679,9704.740427020415,,generic,walk,,,,,,
25,4,car,66087,66729,642,293063.2820411516,2768866.8499156632,302208.6841850243,2770966.7424818203,8679,31538,11028.044890436486,25,links,car,,,,,,
25,5,walk,66729,66785,56,302208.6841850243,2770966.7424818203,302149.5977611235,2770981.3927179426,31538,31538,79.13823977207238,,generic,walk,,,,,,
26,0,walk,30360,43098,12738,302149.5977611235,2770981.3927179426,292459.2054021727,2761426.1458051438,31538,8679,17691.774826260058,,generic,walk,,,,,,
26,1,walk,59160,71898,12738,292459.2054021727,2761426.1458051438,302149.5977611235,2770981.3927179426,8679,31538,17691.774826260058,,generic,walk,,,,,,
27,0,walk,30420,43158,12738,302149.5977611235,2770981.3927179426,292459.2054021727,2761426.1458051438,31538,8679,17691.774826260058,,generic,walk,,,,,,
27,1,walk,59220,71958,12738,292459.2054021727,2761426.1458051438,302149.5977611235,2770981.3927179426,8679,31538,17691.774826260058,,generic,walk,,,,,,
28,0,walk,30480,30536,56,302149.5977611235,2770981.3927179426,302208.6841850243,2770966.7424818203,31538,31538,79.13823977207238,,generic,walk,,,,,,
28,1,car,30536,31153,617,302208.6841850243,2770966.7424818203,293063.2820411516,2768866.8499156632,31538,8679,11087.010806176617,28,links,car,,,,,,
28,2,walk,31153,38140,6987,293063.2820411516,2768866.8499156632,292459.2054021727,2761426.1458051438,8679,8679,9704.740427020415,,generic,walk,,,,,,
28,3,walk,59280,66267,6987,292459.2054021727,2761426.1458051438,293063.2820411516,2768866.8499156632,8679,8679,9704.740427020415,,generic,walk,,,,,,
28,4,car,66267,66909,642,293063.2820411516,2768866.8499156632,302208.6841850243,2770966.7424818203,8679,31538,11028.044890436486,28,links,car,,,,,,
28,5,walk,66909,66965,56,302208.6841850243,2770966.7424818203,302149.5977611235,2770981.3927179426,31538,31538,79.13823977207238,,generic,walk,,,,,,
29,0,walk,30540,30596,56,302149.5977611235,2770981.3927179426,302208.6841850243,2770966.7424818203,31538,31538,79.13823977207238,,generic,walk,,,,,,
29,1,car,30596,31372,776,302208.6841850243,2770966.7424818203,293063.2820411516,2768866.8499156632,31538,8679,10818.690305517239,29,links,car,,,,,,
29,2,walk,31372,38359,6987,293063.2820411516,2768866.8499156632,292459.2054021727,2761426.1458051438,8679,8679,9704.740427020415,,generic,walk,,,,,,
29,3,walk,59340,66327,6987,292459.2054021727,2761426.1458051438,293063.2820411516,2768866.8499156632,8679,8679,9704.740427020415,,generic,walk,,,,,,
29,4,car,66327,66969,642,293063.2820411516,2768866.8499156632,302208.6841850243,2770966.7424818203,8679,31538,11028.044890436486,29,links,car,,,,,,
29,5,walk,66969,67025,56,302208.6841850243,2770966.7424818203,302149.5977611235,2770981.3927179426,31538,31538,79.13823977207238,,generic,walk,,,,,,
3,0,walk,28980,29036,56,302149.5977611235,2770981.3927179426,302208.6841850243,2770966.7424818203,31538,31538,79.13823977207238,,generic,walk,,,,,,
3,1,car,29036,29786,750,302208.6841850243,2770966.7424818203,293063.2820411516,2768866.8499156632,31538,8679,10962.149837825002,3,links,car,,,,,,
3,2,walk,29786,36773,6987,293063.2820411516,2768866.8499156632,292459.2054021727,2761426.1458051438,8679,8679,9704.740427020415,,generic,walk,,,,,,
3,3,walk,57780,64767,6987,292459.2054021727,2761426.1458051438,293063.2820411516,2768866.8499156632,8679,8679,9704.740427020415,,generic,walk,,,,,,
3,4,car,64767,65409,642,293063.2820411516,2768866.8499156632,302208.6841850243,2770966.7424818203,8679,31538,11028.044890436486,3,links,car,,,,,,
3,5,walk,65409,65465,56,302208.6841850243,2770966.7424818203,302149.5977611235,2770981.3927179426,31538,31538,79.13823977207238,,generic,walk,,,,,,
30,0,walk,30600,30656,56,302149.5977611235,2770981.3927179426,302208.6841850243,2770966.7424818203,31538,31538,79.13823977207238,,generic,walk,,,,,,
30,1,car,30656,31432,776,302208.6841850243,2770966.7424818203,293063.2820411516,2768866.8499156632,31538,8679,10818.690305517239,30,links,car,,,,,,
30,2,walk,31432,38419,6987,293063.2820411516,2768866.8499156632,292459.2054021727,2761426.1458051438,8679,8679,9704.740427020415,,generic,walk,,,,,,
30,3,walk,59400,66387,6987,292459.2054021727,2761426.1458051438,293063.2820411516,2768866.8499156632,8679,8679,9704.740427020415,,generic,walk,,,,,,
30,4,car,66387,67029,642,293063.2820411516,2768866.8499156632,302208.6841850243,2770966.7424818203,8679,31538,11028.044890436486,30,links,car,,,,,,
30,5,walk,67029,67085,56,302208.6841850243,2770966.7424818203,302149.5977611235,2770981.3927179426,31538,31538,79.13823977207238,,generic,walk,,,,,,
31,0,walk,30660,43398,12738,302149.5977611235,2770981.3927179426,292459.2054021727,2761426.1458051438,31538,8679,17691.774826260058,,generic,walk,,,,,,
31,1,walk,59460,72198,12738,292459.2054021727,2761426.1458051438,302149.5977611235,2770981.3927179426,8679,31538,17691.774826260058,,generic,walk,,,,,,
32,0,walk,30720,30776,56,302149.5977611235,2770981.3927179426,302208.6841850243,2770966.7424818203,31538,31538,79.13823977207238,,generic,walk,,,,,,
32,1,car,30776,31552,776,302208.6841850243,2770966.7424818203,293063.2820411516,2768866.8499156632,31538,8679,10831.133470341201,32,links,car,,,,,,
32,2,walk,31552,38539,6987,293063.2820411516,2768866.8499156632,292459.2054021727,2761426.1458051438,8679,8679,9704.740427020415,,generic,walk,,,,,,
32,3,walk,59520,66507,6987,292459.2054021727,2761426.1458051438,293063.2820411516,2768866.8499156632,8679,8679,9704.740427020415,,generic,walk,,,,,,
32,4,car,66507,67149,642,293063.2820411516,2768866.8499156632,302208.6841850243,2770966.7424818203,8679,31538,11028.044890436486,32,links,car,,,,,,
32,5,walk,67149,67205,56,302208.6841850243,2770966.7424818203,302149.5977611235,2770981.3927179426,31538,31538,79.13823977207238,,generic,walk,,,,,,
33,0,walk,30780,43518,12738,302149.5977611235,2770981.3927179426,292459.2054021727,2761426.1458051438,31538,8679,17691.774826260058,,generic,walk,,,,,,
33,1,walk,59580,72318,12738,292459.2054021727,2761426.1458051438,302149.5977611235,2770981.3927179426,8679,31538,17691.774826260058,,generic,walk,,,,,,
34,0,walk,30840,30896,56,302149.5977611235,2770981.3927179426,302208.6841850243,2770966.7424818203,31538,31538,79.13823977207238,,generic,walk,,,,,,
34,1,car,30896,31670,774,302208.6841850243,2770966.7424818203,293063.2820411516,2768866.8499156632,31538,8679,10814.93522185731,34,links,car,,,,,,
34,2,walk,31670,38657,6987,293063.2820411516,2768866.8499156632,292459.2054021727,2761426.1458051438,8679,8679,9704.740427020415,,generic,walk,,,,,,
34,3,walk,59640,66627,6987,292459.2054021727,2761426.1458051438,293063.2820411516,2768866.8499156632,8679,8679,9704.740427020415,,generic,walk,,,,,,
34,4,car,66627,67269,642,293063.2820411516,2768866.8499156632,302208.6841850243,2770966.7424818203,8679,31538,11028.044890436486,34,links,car,,,,,,
34,5,walk,67269,67325,56,302208.6841850243,2770966.7424818203,302149.5977611235,2770981.3927179426,31538,31538,79.13823977207238,,generic,walk,,,,,,
35,0,walk,30900,30956,56,302149.5977611235,2770981.3927179426,302208.6841850243,2770966.7424818203,31538,31538,79.13823977207238,,generic,walk,,,,,,
35,1,car,30956,31705,749,302208.6841850243,2770966.7424818203,293063.2820411516,2768866.8499156632,31538,8679,10949.70667300104,35,links,car,,,,,,
35,2,walk,31705,38692,6987,293063.2820411516,2768866.8499156632,292459.2054021727,2761426.1458051438,8679,8679,9704.740427020415,,generic,walk,,,,,,
35,3,walk,59700,66687,6987,292459.2054021727,2761426.1458051438,293063.2820411516,2768866.8499156632,8679,8679,9704.740427020415,,generic,walk,,,,,,
35,4,car,66687,67329,642,293063.2820411516,2768866.8499156632,302208.6841850243,2770966.7424818203,8679,31538,11028.044890436486,35,links,car,,,,,,
35,5,walk,67329,67385,56,302208.6841850243,2770966.7424818203,302149.5977611235,2770981.3927179426,31538,31538,79.13823977207238,,generic,walk,,,,,,
36,0,walk,30960,31016,56,302149.5977611235,2770981.3927179426,302208.6841850243,2770966.7424818203,31538,31538,79.13823977207238,,generic,walk,,,,,,
36,1,car,31016,31792,776,302208.6841850243,2770966.7424818203,293063.2820411516,2768866.8499156632,31538,8679,10818.690305517239,36,links,car,,,,,,
36,2,walk,31792,38779,6987,293063.2820411516,2768866.8499156632,292459.2054021727,2761426.1458051438,8679,8679,9704.740427020415,,generic,walk,,,,,,
36,3,walk,59760,66747,6987,292459.2054021727,2761426.1458051438,293063.2820411516,2768866.8499156632,8679,8679,9704.740427020415,,generic,walk,,,,,,
36,4,car,66747,67389,642,293063.2820411516,2768866.8499156632,302208.6841850243,2770966.7424818203,8679,31538,11028.044890436486,36,links,car,,,,,,
36,5,walk,67389,67445,56,302208.6841850243,2770966.7424818203,302149.5977611235,2770981.3927179426,31538,31538,79.13823977207238,,generic,walk,,,,,,
37,0,walk,31020,43758,12738,302149.5977611235,2770981.3927179426,292459.2054021727,2761426.1458051438,31538,8679,17691.774826260058,,generic,walk,,,,,,
37,1,walk,59820,72558,12738,292459.2054021727,2761426.1458051438,302149.5977611235,2770981.3927179426,8679,31538,17691.774826260058,,generic,walk,,,,,,
38,0,walk,31080,43818,12738,302149.5977611235,2770981.3927179426,292459.2054021727,2761426.1458051438,31538,8679,17691.774826260058,,generic,walk,,,,,,
38,1,walk,59880,72618,12738,292459.2054021727,2761426.1458051438,302149.5977611235,2770981.3927179426,8679,31538,17691.774826260058,,generic,walk,,,,,,
39,0,walk,31140,43878,12738,302149.5977611235,2770981.3927179426,292459.2054021727,2761426.1458051438,31538,8679,17691.774826260058,,generic,walk,,,,,,
39,1,walk,59940,72678,12738,292459.2054021727,2761426.1458051438,302149.5977611235,2770981.3927179426,8679,31538,17691.774826260058,,generic,walk,,,,,,
4,0,walk,29040,41778,12738,302149.5977611235,2770981.3927179426,292459.2054021727,2761426.1458051438,31538,8679,17691.774826260058,,generic,walk,,,,,,
4,1,walk,57840,70578,12738,292459.2054021727,2761426.1458051438,302149.5977611235,2770981.3927179426,8679,31538,17691.774826260058,,generic,walk,,,,,,
40,0,walk,31200,43938,12738,302149.5977611235,2770981.3927179426,292459.2054021727,2761426.1458051438,31538,8679,17691.774826260058,,generic,walk,,,,,,
40,1,walk,60000,72738,12738,292459.2054021727,2761426.1458051438,302149.5977611235,2770981.3927179426,8679,31538,17691.774826260058,,generic,walk,,,,,,
41,0,walk,31260,43998,12738,302149.5977611235,2770981.3927179426,292459.2054021727,2761426.1458051438,31538,8679,17691.774826260058,,generic,walk,,,,,,
41,1,walk,60060,72798,12738,292459.2054021727,2761426.1458051438,302149.5977611235,2770981.3927179426,8679,31538,17691.774826260058,,generic,walk,,,,,,
42,0,walk,31320,44058,12738,302149.5977611235,2770981.3927179426,292459.2054021727,2761426.1458051438,31538,8679,17691.774826260058,,generic,walk,,,,,,
42,1,walk,60120,72858,12738,292459.2054021727,2761426.1458051438,302149.5977611235,2770981.3927179426,8679,31538,17691.774826260058,,generic,walk,,,,,,
43,0,walk,31380,44118,12738,302149.5977611235,2770981.3927179426,292459.2054021727,2761426.1458051438,31538,8679,17691.774826260058,,generic,walk,,,,,,
43,1,walk,60180,72918,12738,292459.2054021727,2761426.1458051438,302149.5977611235,2770981.3927179426,8679,31538,17691.774826260058,,generic,walk,,,,,,
44,0,walk,31440,31496,56,302149.5977611235,2770981.3927179426,302208.6841850243,2770966.7424818203,31538,31538,79.13823977207238,,generic,walk,,,,,,
44,1,car,31496,32272,776,302208.6841850243,2770966.7424818203,293063.2820411516,2768866.8499156632,31538,8679,10818.690305517239,44,links,car,,,,,,
44,2,walk,32272,39259,6987,293063.2820411516,2768866.8499156632,292459.2054021727,2761426.1458051438,8679,8679,9704.740427020415,,generic,walk,,,,,,
44,3,walk,60240,67227,6987,292459.2054021727,2761426.1458051438,293063.2820411516,2768866.8499156632,8679,8679,9704.740427020415,,generic,walk,,,,,,
44,4,car,67227,67869,642,293063.2820411516,2768866.8499156632,302208.6841850243,2770966.7424818203,8679,31538,11028.044890436486,44,links,car,,,,,,
44,5,walk,67869,67925,56,302208.6841850243,2770966.7424818203,302149.5977611235,2770981.3927179426,31538,31538,79.13823977207238,,generic,walk,,,,,,
45,0,walk,31500,31556,56,302149.5977611235,2770981.3927179426,302208.6841850243,2770966.7424818203,31538,31538,79.13823977207238,,generic,walk,,,,,,
45,1,car,31556,32332,776,302208.6841850243,2770966.7424818203,293063.2820411516,2768866.8499156632,31538,8679,10818.690305517239,45,links,car,,,,,,
45,2,walk,32332,39319,6987,293063.2820411516,2768866.8499156632,292459.2054021727,2761426.1458051438,8679,8679,9704.740427020415,,generic,walk,,,,,,
45,3,walk,60300,67287,6987,292459.2054021727,2761426.1458051438,293063.2820411516,2768866.8499156632,8679,8679,9704.740427020415,,generic,walk,,,,,,
45,4,car,67287,67929,642,293063.2820411516,2768866.8499156632,302208.6841850243,2770966.7424818203,8679,31538,11028.044890436486,45,links,car,,,,,,
45,5,walk,67929,67985,56,302208.6841850243,2770966.7424818203,302149.5977611235,2770981.3927179426,31538,31538,79.13823977207238,,generic,walk,,,,,,
46,0,walk,31560,44298,12738,302149.5977611235,2770981.3927179426,292459.2054021727,2761426.1458051438,31538,8679,17691.774826260058,,generic,walk,,,,,,
46,1,walk,60360,73098,12738,292459.2054021727,2761426.1458051438,302149.5977611235,2770981.3927179426,8679,31538,17691.774826260058,,generic,walk,,,,,,
47,0,walk,31620,31676,56,302149.5977611235,2770981.3927179426,302208.6841850243,2770966.7424818203,31538,31538,79.13823977207238,,generic,walk,,,,,,
47,1,car,31676,32452,776,302208.6841850243,2770966.7424818203,293063.2820411516,2768866.8499156632,31538,8679,10818.690305517239,47,links,car,,,,,,
47,2,walk,32452,39439,6987,293063.2820411516,2768866.8499156632,292459.2054021727,2761426.1458051438,8679,8679,9704.740427020415,,generic,walk,,,,,,
47,3,walk,60420,67407,6987,292459.2054021727,2761426.1458051438,293063.2820411516,2768866.8499156632,8679,8679,9704.740427020415,,generic,walk,,,,,,
47,4,car,67407,68049,642,293063.2820411516,2768866.8499156632,302208.6841850243,2770966.7424818203,8679,31538,11028.044890436486,47,links,car,,,,,,
47,5,walk,68049,68105,56,302208.6841850243,2770966.7424818203,302149.5977611235,2770981.3927179426,31538,31538,79.13823977207238,,generic,walk,,,,,,
48,0,walk,31680,44418,12738,302149.5977611235,2770981.3927179426,292459.2054021727,2761426.1458051438,31538,8679,17691.774826260058,,generic,walk,,,,,,
48,1,walk,60480,73218,12738,292459.2054021727,2761426.1458051438,302149.5977611235,2770981.3927179426,8679,31538,17691.774826260058,,generic,walk,,,,,,
49,0,walk,31740,44478,12738,302149.5977611235,2770981.3927179426,292459.2054021727,2761426.1458051438,31538,8679,17691.774826260058,,generic,walk,,,,,,
49,1,walk,60540,73278,12738,292459.2054021727,2761426.1458051438,302149.5977611235,2770981.3927179426,8679,31538,17691.774826260058,,generic,walk,,,,,,
5,0,walk,29100,41838,12738,302149.5977611235,2770981.3927179426,292459.2054021727,2761426.1458051438,31538,8679,17691.774826260058,,generic,walk,,,,,,
5,1,walk,57900,70638,12738,292459.2054021727,2761426.1458051438,302149.5977611235,2770981.3927179426,8679,31538,17691.774826260058,,generic,walk,,,,,,
50,0,walk,31800,44538,12738,302149.5977611235,2770981.3927179426,292459.2054021727,2761426.1458051438,31538,8679,17691.774826260058,,generic,walk,,,,,,
50,1,walk,60600,73338,12738,292459.2054021727,2761426.1458051438,302149.5977611235,2770981.3927179426,8679,31538,17691.774826260058,,generic,walk,,,,,,
51,0,walk,31860,31916,56,302149.5977611235,2770981.3927179426,302208.6841850243,2770966.7424818203,31538,31538,79.13823977207238,,generic,walk,,,,,,
51,1,car,31916,32693,777,302208.6841850243,2770966.7424818203,293063.2820411516,2768866.8499156632,31538,8679,10831.133470341201,51,links,car,,,,,,
51,2,walk,32693,39680,6987,293063.2820411516,2768866.8499156632,292459.2054021727,2761426.1458051438,8679,8679,9704.740427020415,,generic,walk,,,,,,
51,3,walk,60660,67647,6987,292459.2054021727,2761426.1458051438,293063.2820411516,2768866.8499156632,8679,8679,9704.740427020415,,generic,walk,,,,,,
51,4,car,67647,68289,642,293063.2820411516,2768866.8499156632,302208.6841850243,2770966.7424818203,8679,31538,11028.044890436486,51,links,car,,,,,,
51,5,walk,68289,68345,56,302208.6841850243,2770966.7424818203,302149.5977611235,2770981.3927179426,31538,31538,79.13823977207238,,generic,walk,,,,,,
52,0,walk,31920,44658,12738,302149.5977611235,2770981.3927179426,292459.2054021727,2761426.1458051438,31538,8679,17691.774826260058,,generic,walk,,,,,,
52,1,walk,60720,73458,12738,292459.2054021727,2761426.1458051438,302149.5977611235,2770981.3927179426,8679,31538,17691.774826260058,,generic,walk,,,,,,
53,0,walk,31980,32036,56,302149.5977611235,2770981.3927179426,302208.6841850243,2770966.7424818203,31538,31538,79.13823977207238,,generic,walk,,,,,,
53,1,car,32036,32812,776,302208.6841850243,2770966.7424818203,293063.2820411516,2768866.8499156632,31538,8679,10818.690305517239,53,links,car,,,,,,
53,2,walk,32812,39799,6987,293063.2820411516,2768866.8499156632,292459.2054021727,2761426.1458051438,8679,8679,9704.740427020415,,generic,walk,,,,,,
53,3,walk,60780,67767,6987,292459.2054021727,2761426.1458051438,293063.2820411516,2768866.8499156632,8679,8679,9704.740427020415,,generic,walk,,,,,,
53,4,car,67767,68409,642,293063.2820411516,2768866.8499156632,302208.6841850243,2770966.7424818203,8679,31538,11028.044890436486,53,links,car,,,,,,
53,5,walk,68409,68465,56,302208.6841850243,2770966.7424818203,302149.5977611235,2770981.3927179426,31538,31538,79.13823977207238,,generic,walk,,,,,,
54,0,walk,32040,32096,56,302149.5977611235,2770981.3927179426,302208.6841850243,2770966.7424818203,31538,31538,79.13823977207238,,generic,walk,,,,,,
54,1,car,32096,32807,711,302208.6841850243,2770966.7424818203,293063.2820411516,2768866.8499156632,31538,8679,10831.133470341201,54,links,car,,,,,,
54,2,walk,32807,39794,6987,293063.2820411516,2768866.8499156632,292459.2054021727,2761426.1458051438,8679,8679,9704.740427020415,,generic,walk,,,,,,
54,3,walk,60840,67827,6987,292459.2054021727,2761426.1458051438,293063.2820411516,2768866.8499156632,8679,8679,9704.740427020415,,generic,walk,,,,,,
54,4,car,67827,68404,577,293063.2820411516,2768866.8499156632,302208.6841850243,2770966.7424818203,8679,31538,11028.044890436486,54,links,car,,,,,,
54,5,walk,68404,68460,56,302208.6841850243,2770966.7424818203,302149.5977611235,2770981.3927179426,31538,31538,79.13823977207238,,generic,walk,,,,,,
55,0,walk,32100,44838,12738,302149.5977611235,2770981.3927179426,292459.2054021727,2761426.1458051438,31538,8679,17691.774826260058,,generic,walk,,,,,,
55,1,walk,60900,73638,12738,292459.2054021727,2761426.1458051438,302149.5977611235,2770981.3927179426,8679,31538,17691.774826260058,,generic,walk,,,,,,
56,0,walk,32160,32216,56,302149.5977611235,2770981.3927179426,302208.6841850243,2770966.7424818203,31538,31538,79.13823977207238,,generic,walk,,,,,,
56,1,car,32216,32990,774,302208.6841850243,2770966.7424818203,293063.2820411516,2768866.8499156632,31538,8679,10818.690305517239,56,links,car,,,,,,
56,2,walk,32990,39977,6987,293063.2820411516,2768866.8499156632,292459.2054021727,2761426.1458051438,8679,8679,9704.740427020415,,generic,walk,,,,,,
56,3,walk,60960,67947,6987,292459.2054021727,2761426.1458051438,293063.2820411516,2768866.8499156632,8679,8679,9704.740427020415,,generic,walk,,,,,,
56,4,car,67947,68589,642,293063.2820411516,2768866.8499156632,302208.6841850243,2770966.7424818203,8679,31538,11028.044890436486,56,links,car,,,,,,
56,5,walk,68589,68645,56,302208.6841850243,2770966.7424818203,302149.5977611235,2770981.3927179426,31538,31538,79.13823977207238,,generic,walk,,,,,,
57,0,walk,32220,32276,56,302149.5977611235,2770981.3927179426,302208.6841850243,2770966.7424818203,31538,31538,79.13823977207238,,generic,walk,,,,,,
57,1,car,32276,33050,774,302208.6841850243,2770966.7424818203,293063.2820411516,2768866.8499156632,31538,8679,10818.690305517239,57,links,car,,,,,,
57,2,walk,33050,40037,6987,293063.2820411516,2768866.8499156632,292459.2054021727,2761426.1458051438,8679,8679,9704.740427020415,,generic,walk,,,,,,
57,3,walk,61020,68007,6987,292459.2054021727,2761426.1458051438,293063.2820411516,2768866.8499156632,8679,8679,9704.740427020415,,generic,walk,,,,,,
57,4,car,68007,68649,642,293063.2820411516,2768866.8499156632,302208.6841850243,2770966.7424818203,8679,31538,11028.044890436486,57,links,car,,,,,,
57,5,walk,68649,68705,56,302208.6841850243,2770966.7424818203,302149.5977611235,2770981.3927179426,31538,31538,79.13823977207238,,generic,walk,,,,,,
58,0,walk,32280,45018,12738,302149.5977611235,2770981.3927179426,292459.2054021727,2761426.1458051438,31538,8679,17691.774826260058,,generic,walk,,,,,,
58,1,walk,61080,73818,12738,292459.2054021727,2761426.1458051438,302149.5977611235,2770981.3927179426,8679,31538,17691.774826260058,,generic,walk,,,,,,
59,0,walk,32340,32396,56,302149.5977611235,2770981.3927179426,302208.6841850243,2770966.7424818203,31538,31538,79.13823977207238,,generic,walk,,,,,,
59,1,car,32396,33153,757,302208.6841850243,2770966.7424818203,293063.2820411516,2768866.8499156632,31538,8679,10831.133470341201,59,links,car,,,,,,
59,2,walk,33153,40140,6987,293063.2820411516,2768866.8499156632,292459.2054021727,2761426.1458051438,8679,8679,9704.740427020415,,generic,walk,,,,,,
59,3,walk,61140,68127,6987,292459.2054021727,2761426.1458051438,293063.2820411516,2768866.8499156632,8679,8679,9704.740427020415,,generic,walk,,,,,,
59,4,car,68127,68769,642,293063.2820411516,2768866.8499156632,302208.6841850243,2770966.7424818203,8679,31538,11028.044890436486,59,links,car,,,,,,
59,5,walk,68769,68825,56,302208.6841850243,2770966.7424818203,302149.5977611235,2770981.3927179426,31538,31538,79.13823977207238,,generic,walk,,,,,,
6,0,walk,29160,41898,12738,302149.5977611235,2770981.3927179426,292459.2054021727,2761426.1458051438,31538,8679,17691.774826260058,,generic,walk,,,,,,
6,1,walk,57960,70698,12738,292459.2054021727,2761426.1458051438,302149.5977611235,2770981.3927179426,8679,31538,17691.774826260058,,generic,walk,,,,,,
60,0,walk,32400,32456,56,302149.5977611235,2770981.3927179426,302208.6841850243,2770966.7424818203,31538,31538,79.13823977207238,,generic,walk,,,,,,
60,1,car,32456,33070,614,302208.6841850243,2770966.7424818203,293063.2820411516,2768866.8499156632,31538,8679,11087.010806176617,60,links,car,,,,,,
60,2,walk,33070,40057,6987,293063.2820411516,2768866.8499156632,292459.2054021727,2761426.1458051438,8679,8679,9704.740427020415,,generic,walk,,,,,,
60,3,walk,61200,68187,6987,292459.2054021727,2761426.1458051438,293063.2820411516,2768866.8499156632,8679,8679,9704.740427020415,,generic,walk,,,,,,
60,4,car,68187,68829,642,293063.2820411516,2768866.8499156632,302208.6841850243,2770966.7424818203,8679,31538,11028.044890436486,60,links,car,,,,,,
60,5,walk,68829,68885,56,302208.6841850243,2770966.7424818203,302149.5977611235,2770981.3927179426,31538,31538,79.13823977207238,,generic,walk,,,,,,
61,0,walk,32460,45198,12738,302149.5977611235,2770981.3927179426,292459.2054021727,2761426.1458051438,31538,8679,17691.774826260058,,generic,walk,,,,,,
61,1,walk,61260,73998,12738,292459.2054021727,2761426.1458051438,302149.5977611235,2770981.3927179426,8679,31538,17691.774826260058,,generic,walk,,,,,,
62,0,walk,32520,45258,12738,302149.5977611235,2770981.3927179426,292459.2054021727,2761426.1458051438,31538,8679,17691.774826260058,,generic,walk,,,,,,
62,1,walk,61320,74058,12738,292459.2054021727,2761426.1458051438,302149.5977611235,2770981.3927179426,8679,31538,17691.774826260058,,generic,walk,,,,,,
63,0,walk,32580,45318,12738,302149.5977611235,2770981.3927179426,292459.2054021727,2761426.1458051438,31538,8679,17691.774826260058,,generic,walk,,,,,,
63,1,walk,61380,74118,12738,292459.2054021727,2761426.1458051438,302149.5977611235,2770981.3927179426,8679,31538,17691.774826260058,,generic,walk,,,,,,
64,0,walk,32640,32696,56,302149.5977611235,2770981.3927179426,302208.6841850243,2770966.7424818203,31538,31538,79.13823977207238,,generic,walk,,,,,,
64,1,car,32696,33470,774,302208.6841850243,2770966.7424818203,293063.2820411516,2768866.8499156632,31538,8679,10818.690305517239,64,links,car,,,,,,
64,2,walk,33470,40457,6987,293063.2820411516,2768866.8499156632,292459.2054021727,2761426.1458051438,8679,8679,9704.740427020415,,generic,walk,,,,,,
64,3,walk,61440,68427,6987,292459.2054021727,2761426.1458051438,293063.2820411516,2768866.8499156632,8679,8679,9704.740427020415,,generic,walk,,,,,,
64,4,car,68427,69069,642,293063.2820411516,2768866.8499156632,302208.6841850243,2770966.7424818203,8679,31538,11028.044890436486,64,links,car,,,,,,
64,5,walk,69069,69125,56,302208.6841850243,2770966.7424818203,302149.5977611235,2770981.3927179426,31538,31538,79.13823977207238,,generic,walk,,,,,,
65,0,walk,32700,45438,12738,302149.5977611235,2770981.3927179426,292459.2054021727,2761426.1458051438,31538,8679,17691.774826260058,,generic,walk,,,,,,
65,1,walk,61500,74238,12738,292459.2054021727,2761426.1458051438,302149.5977611235,2770981.3927179426,8679,31538,17691.774826260058,,generic,walk,,,,,,
66,0,walk,32760,32816,56,302149.5977611235,2770981.3927179426,302208.6841850243,2770966.7424818203,31538,31538,79.13823977207238,,generic,walk,,,,,,
66,1,car,32816,33590,774,302208.6841850243,2770966.7424818203,293063.2820411516,2768866.8499156632,31538,8679,10818.690305517239,66,links,car,,,,,,
66,2,walk,33590,40577,6987,293063.2820411516,2768866.8499156632,292459.2054021727,2761426.1458051438,8679,8679,9704.740427020415,,generic,walk,,,,,,
66,3,walk,61560,68547,6987,292459.2054021727,2761426.1458051438,293063.2820411516,2768866.8499156632,8679,8679,9704.740427020415,,generic,walk,,,,,,
66,4,car,68547,69189,642,293063.2820411516,2768866.8499156632,302208.6841850243,2770966.7424818203,8679,31538,11028.044890436486,66,links,car,,,,,,
66,5,walk,69189,69245,56,302208.6841850243,2770966.7424818203,302149.5977611235,2770981.3927179426,31538,31538,79.13823977207238,,generic,walk,,,,,,
67,0,walk,32820,32876,56,302149.5977611235,2770981.3927179426,302208.6841850243,2770966.7424818203,31538,31538,79.13823977207238,,generic,walk,,,,,,
67,1,car,32876,33650,774,302208.6841850243,2770966.7424818203,293063.2820411516,2768866.8499156632,31538,8679,10818.690305517239,67,links,car,,,,,,
67,2,walk,33650,40637,6987,293063.2820411516,2768866.8499156632,292459.2054021727,2761426.1458051438,8679,8679,9704.740427020415,,generic,walk,,,,,,
67,3,walk,61620,68607,6987,292459.2054021727,2761426.1458051438,293063.2820411516,2768866.8499156632,8679,8679,9704.740427020415,,generic,walk,,,,,,
67,4,car,68607,69249,642,293063.2820411516,2768866.8499156632,302208.6841850243,2770966.7424818203,8679,31538,11028.044890436486,67,links,car,,,,,,
67,5,walk,69249,69305,56,302208.6841850243,2770966.7424818203,302149.5977611235,2770981.3927179426,31538,31538,79.13823977207238,,generic,walk,,,,,,
68,0,walk,32880,45618,12738,302149.5977611235,2770981.3927179426,292459.2054021727,2761426.1458051438,31538,8679,17691.774826260058,,generic,walk,,,,,,
68,1,walk,61680,74418,12738,292459.2054021727,2761426.1458051438,302149.5977611235,2770981.3927179426,8679,31538,17691.774826260058,,generic,walk,,,,,,
69,0,walk,32940,32996,56,302149.5977611235,2770981.3927179426,302208.6841850243,2770966.7424818203,31538,31538,79.13823977207238,,generic,walk,,,,,,
69,1,car,32996,33725,729,302208.6841850243,2770966.7424818203,293063.2820411516,2768866.8499156632,31538,8679,10831.133470341201,69,links,car,,,,,,
69,2,walk,33725,40712,6987,293063.2820411516,2768866.8499156632,292459.2054021727,2761426.1458051438,8679,8679,9704.740427020415,,generic,walk,,,,,,
69,3,walk,61740,68727,6987,292459.2054021727,2761426.1458051438,293063.2820411516,2768866.8499156632,8679,8679,9704.740427020415,,generic,walk,,,,,,
69,4,car,68727,69316,589,293063.2820411516,2768866.8499156632,302208.6841850243,2770966.7424818203,8679,31538,11028.044890436486,69,links,car,,,,,,
69,5,walk,69316,69372,56,302208.6841850243,2770966.7424818203,302149.5977611235,2770981.3927179426,31538,31538,79.13823977207238,,generic,walk,,,,,,
7,0,walk,29220,41958,12738,302149.5977611235,2770981.3927179426,292459.2054021727,2761426.1458051438,31538,8679,17691.774826260058,,generic,walk,,,,,,
7,1,walk,58020,70758,12738,292459.2054021727,2761426.1458051438,302149.5977611235,2770981.3927179426,8679,31538,17691.774826260058,,generic,walk,,,,,,
70,0,walk,33000,45738,12738,302149.5977611235,2770981.3927179426,292459.2054021727,2761426.1458051438,31538,8679,17691.774826260058,,generic,walk,,,,,,
70,1,walk,61800,74538,12738,292459.2054021727,2761426.1458051438,302149.5977611235,2770981.3927179426,8679,31538,17691.774826260058,,generic,walk,,,,,,
71,0,walk,33060,45798,12738,302149.5977611235,2770981.3927179426,292459.2054021727,2761426.1458051438,31538,8679,17691.774826260058,,generic,walk,,,,,,
71,1,walk,61860,74598,12738,292459.2054021727,2761426.1458051438,302149.5977611235,2770981.3927179426,8679,31538,17691.774826260058,,generic,walk,,,,,,
72,0,walk,33120,33176,56,302149.5977611235,2770981.3927179426,302208.6841850243,2770966.7424818203,31538,31538,79.13823977207238,,generic,walk,,,,,,
72,1,car,33176,33952,776,302208.6841850243,2770966.7424818203,293063.2820411516,2768866.8499156632,31538,8679,10818.690305517239,72,links,car,,,,,,
72,2,walk,33952,40939,6987,293063.2820411516,2768866.8499156632,292459.2054021727,2761426.1458051438,8679,8679,9704.740427020415,,generic,walk,,,,,,
72,3,walk,61920,68907,6987,292459.2054021727,2761426.1458051438,293063.2820411516,2768866.8499156632,8679,8679,9704.740427020415,,generic,walk,,,,,,
72,4,car,68907,69549,642,293063.2820411516,2768866.8499156632,302208.6841850243,2770966.7424818203,8679,31538,11028.044890436486,72,links,car,,,,,,
72,5,walk,69549,69605,56,302208.6841850243,2770966.7424818203,302149.5977611235,2770981.3927179426,31538,31538,79.13823977207238,,generic,walk,,,,,,
73,0,walk,33180,33236,56,302149.5977611235,2770981.3927179426,302208.6841850243,2770966.7424818203,31538,31538,79.13823977207238,,generic,walk,,,,,,
73,1,car,33236,33997,761,302208.6841850243,2770966.7424818203,293063.2820411516,2768866.8499156632,31538,8679,10818.690305517239,73,links,car,,,,,,
73,2,walk,33997,40984,6987,293063.2820411516,2768866.8499156632,292459.2054021727,2761426.1458051438,8679,8679,9704.740427020415,,generic,walk,,,,,,
73,3,walk,61980,68967,6987,292459.2054021727,2761426.1458051438,293063.2820411516,2768866.8499156632,8679,8679,9704.740427020415,,generic,walk,,,,,,
73,4,car,68967,69609,642,293063.2820411516,2768866.8499156632,302208.6841850243,2770966.7424818203,8679,31538,11028.044890436486,73,links,car,,,,,,
73,5,walk,69609,69665,56,302208.6841850243,2770966.7424818203,302149.5977611235,2770981.3927179426,31538,31538,79.13823977207238,,generic,walk,,,,,,
74,0,walk,33240,33296,56,302149.5977611235,2770981.3927179426,302208.6841850243,2770966.7424818203,31538,31538,79.13823977207238,,generic,walk,,,,,,
74,1,car,33296,33909,613,302208.6841850243,2770966.7424818203,293063.2820411516,2768866.8499156632,31538,8679,11087.010806176617,74,links,car,,,,,,
74,2,walk,33909,40896,6987,293063.2820411516,2768866.8499156632,292459.2054021727,2761426.1458051438,8679,8679,9704.740427020415,,generic,walk,,,,,,
74,3,walk,62040,69027,6987,292459.2054021727,2761426.1458051438,293063.2820411516,2768866.8499156632,8679,8679,9704.740427020415,,generic,walk,,,,,,
74,4,car,69027,69659,632,293063.2820411516,2768866.8499156632,302208.6841850243,2770966.7424818203,8679,31538,11028.044890436486,74,links,car,,,,,,
74,5,walk,69659,69715,56,302208.6841850243,2770966.7424818203,302149.5977611235,2770981.3927179426,31538,31538,79.13823977207238,,generic,walk,,,,,,
75,0,walk,33300,46038,12738,302149.5977611235,2770981.3927179426,292459.2054021727,2761426.1458051438,31538,8679,17691.774826260058,,generic,walk,,,,,,
75,1,walk,62100,74838,12738,292459.2054021727,2761426.1458051438,302149.5977611235,2770981.3927179426,8679,31538,17691.774826260058,,generic,walk,,,,,,
76,0,walk,33360,46098,12738,302149.5977611235,2770981.3927179426,292459.2054021727,2761426.1458051438,31538,8679,17691.774826260058,,generic,walk,,,,,,
76,1,walk,62160,74898,12738,292459.2054021727,2761426.1458051438,302149.5977611235,2770981.3927179426,8679,31538,17691.774826260058,,generic,walk,,,,,,
77,0,walk,33420,46158,12738,302149.5977611235,2770981.3927179426,292459.2054021727,2761426.1458051438,31538,8679,17691.774826260058,,generic,walk,,,,,,
77,1,walk,62220,74958,12738,292459.2054021727,2761426.1458051438,302149.5977611235,2770981.3927179426,8679,31538,17691.774826260058,,generic,walk,,,,,,
78,0,walk,33480,33536,56,302149.5977611235,2770981.3927179426,302208.6841850243,2770966.7424818203,31538,31538,79.13823977207238,,generic,walk,,,,,,
78,1,car,33536,34312,776,302208.6841850243,2770966.7424818203,293063.2820411516,2768866.8499156632,31538,8679,10818.690305517239,78,links,car,,,,,,
78,2,walk,34312,41299,6987,293063.2820411516,2768866.8499156632,292459.2054021727,2761426.1458051438,8679,8679,9704.740427020415,,generic,walk,,,,,,
78,3,walk,62280,69267,6987,292459.2054021727,2761426.1458051438,293063.2820411516,2768866.8499156632,8679,8679,9704.740427020415,,generic,walk,,,,,,
78,4,car,69267,69909,642,293063.2820411516,2768866.8499156632,302208.6841850243,2770966.7424818203,8679,31538,11028.044890436486,78,links,car,,,,,,
78,5,walk,69909,69965,56,302208.6841850243,2770966.7424818203,302149.5977611235,2770981.3927179426,31538,31538,79.13823977207238,,generic,walk,,,,,,
79,0,walk,33540,33596,56,302149.5977611235,2770981.3927179426,302208.6841850243,2770966.7424818203,31538,31538,79.13823977207238,,generic,walk,,,,,,
79,1,car,33596,34370,774,302208.6841850243,2770966.7424818203,293063.2820411516,2768866.8499156632,31538,8679,10814.93522185731,79,links,car,,,,,,
79,2,walk,34370,41357,6987,293063.2820411516,2768866.8499156632,292459.2054021727,2761426.1458051438,8679,8679,9704.740427020415,,generic,walk,,,,,,
79,3,walk,62340,69327,6987,292459.2054021727,2761426.1458051438,293063.2820411516,2768866.8499156632,8679,8679,9704.740427020415,,generic,walk,,,,,,
79,4,car,69327,69969,642,293063.2820411516,2768866.8499156632,302208.6841850243,2770966.7424818203,8679,31538,11028.044890436486,79,links,car,,,,,,
79,5,walk,69969,70025,56,302208.6841850243,2770966.7424818203,302149.5977611235,2770981.3927179426,31538,31538,79.13823977207238,,generic,walk,,,,,,
8,0,walk,29280,42018,12738,302149.5977611235,2770981.3927179426,292459.2054021727,2761426.1458051438,31538,8679,17691.774826260058,,generic,walk,,,,,,
8,1,walk,58080,70818,12738,292459.2054021727,2761426.1458051438,302149.5977611235,2770981.3927179426,8679,31538,17691.774826260058,,generic,walk,,,,,,
80,0,walk,33600,33656,56,302149.5977611235,2770981.3927179426,302208.6841850243,2770966.7424818203,31538,31538,79.13823977207238,,generic,walk,,,,,,
80,1,car,33656,34406,750,302208.6841850243,2770966.7424818203,293063.2820411516,2768866.8499156632,31538,8679,10962.149837825002,80,links,car,,,,,,
80,2,walk,34406,41393,6987,293063.2820411516,2768866.8499156632,292459.2054021727,2761426.1458051438,8679,8679,9704.740427020415,,generic,walk,,,,,,
80,3,walk,62400,69387,6987,292459.2054021727,2761426.1458051438,293063.2820411516,2768866.8499156632,8679,8679,9704.740427020415,,generic,walk,,,,,,
80,4,car,69387,70029,642,293063.2820411516,2768866.8499156632,302208.6841850243,2770966.7424818203,8679,31538,11028.044890436486,80,links,car,,,,,,
80,5,walk,70029,70085,56,302208.6841850243,2770966.7424818203,302149.5977611235,2770981.3927179426,31538,31538,79.13823977207238,,generic,walk,,,,,,
81,0,walk,33660,46398,12738,302149.5977611235,2770981.3927179426,292459.2054021727,2761426.1458051438,31538,8679,17691.774826260058,,generic,walk,,,,,,
81,1,walk,62460,75198,12738,292459.2054021727,2761426.1458051438,302149.5977611235,2770981.3927179426,8679,31538,17691.774826260058,,generic,walk,,,,,,
82,0,walk,33720,33776,56,302149.5977611235,2770981.3927179426,302208.6841850243,2770966.7424818203,31538,31538,79.13823977207238,,generic,walk,,,,,,
82,1,car,33776,34552,776,302208.6841850243,2770966.7424818203,293063.2820411516,2768866.8499156632,31538,8679,10818.690305517239,82,links,car,,,,,,
82,2,walk,34552,41539,6987,293063.2820411516,2768866.8499156632,292459.2054021727,2761426.1458051438,8679,8679,9704.740427020415,,generic,walk,,,,,,
82,3,walk,62520,69507,6987,292459.2054021727,2761426.1458051438,293063.2820411516,2768866.8499156632,8679,8679,9704.740427020415,,generic,walk,,,,,,
82,4,car,69507,70149,642,293063.2820411516,2768866.8499156632,302208.6841850243,2770966.7424818203,8679,31538,11028.044890436486,82,links,car,,,,,,
82,5,walk,70149,70205,56,302208.6841850243,2770966.7424818203,302149.5977611235,2770981.3927179426,31538,31538,79.13823977207238,,generic,walk,,,,,,
83,0,walk,33780,33836,56,302149.5977611235,2770981.3927179426,302208.6841850243,2770966.7424818203,31538,31538,79.13823977207238,,generic,walk,,,,,,
83,1,car,33836,34607,771,302208.6841850243,2770966.7424818203,293063.2820411516,2768866.8499156632,31538,8679,10831.133470341201,83,links,car,,,,,,
83,2,walk,34607,41594,6987,293063.2820411516,2768866.8499156632,292459.2054021727,2761426.1458051438,8679,8679,9704.740427020415,,generic,walk,,,,,,
83,3,walk,62580,69567,6987,292459.2054021727,2761426.1458051438,293063.2820411516,2768866.8499156632,8679,8679,9704.740427020415,,generic,walk,,,,,,
83,4,car,69567,70209,642,293063.2820411516,2768866.8499156632,302208.6841850243,2770966.7424818203,8679,31538,11028.044890436486,83,links,car,,,,,,
83,5,walk,70209,70265,56,302208.6841850243,2770966.7424818203,302149.5977611235,2770981.3927179426,31538,31538,79.13823977207238,,generic,walk,,,,,,
84,0,walk,33840,46578,12738,302149.5977611235,2770981.3927179426,292459.2054021727,2761426.1458051438,31538,8679,17691.774826260058,,generic,walk,,,,,,
84,1,walk,62640,75378,12738,292459.2054021727,2761426.1458051438,302149.5977611235,2770981.3927179426,8679,31538,17691.774826260058,,generic,walk,,,,,,
85,0,walk,33900,46638,12738,302149.5977611235,2770981.3927179426,292459.2054021727,2761426.1458051438,31538,8679,17691.774826260058,,generic,walk,,,,,,
85,1,walk,62700,75438,12738,292459.2054021727,2761426.1458051438,302149.5977611235,2770981.3927179426,8679,31538,17691.774826260058,,generic,walk,,,,,,
86,0,walk,33960,46698,12738,302149.5977611235,2770981.3927179426,292459.2054021727,2761426.1458051438,31538,8679,17691.774826260058,,generic,walk,,,,,,
86,1,walk,62760,75498,12738,292459.2054021727,2761426.1458051438,302149.5977611235,2770981.3927179426,8679,31538,17691.774826260058,,generic,walk,,,,,,
87,0,walk,34020,46758,12738,302149.5977611235,2770981.3927179426,292459.2054021727,2761426.1458051438,31538,8679,17691.774826260058,,generic,walk,,,,,,
87,1,walk,62820,75558,12738,292459.2054021727,2761426.1458051438,302149.5977611235,2770981.3927179426,8679,31538,17691.774826260058,,generic,walk,,,,,,
88,0,walk,34080,46818,12738,302149.5977611235,2770981.3927179426,292459.2054021727,2761426.1458051438,31538,8679,17691.774826260058,,generic,walk,,,,,,
88,1,walk,62880,75618,12738,292459.2054021727,2761426.1458051438,302149.5977611235,2770981.3927179426,8679,31538,17691.774826260058,,generic,walk,,,,,,
89,0,walk,34140,34196,56,302149.5977611235,2770981.3927179426,302208.6841850243,2770966.7424818203,31538,31538,79.13823977207238,,generic,walk,,,,,,
89,1,car,34196,34970,774,302208.6841850243,2770966.7424818203,293063.2820411516,2768866.8499156632,31538,8679,10814.93522185731,89,links,car,,,,,,
89,2,walk,34970,41957,6987,293063.2820411516,2768866.8499156632,292459.2054021727,2761426.1458051438,8679,8679,9704.740427020415,,generic,walk,,,,,,
89,3,walk,62940,69927,6987,292459.2054021727,2761426.1458051438,293063.2820411516,2768866.8499156632,8679,8679,9704.740427020415,,generic,walk,,,,,,
89,4,car,69927,70569,642,293063.2820411516,2768866.8499156632,302208.6841850243,2770966.7424818203,8679,31538,11028.044890436486,89,links,car,,,,,,
89,5,walk,70569,70625,56,302208.6841850243,2770966.7424818203,302149.5977611235,2770981.3927179426,31538,31538,79.13823977207238,,generic,walk,,,,,,
9,0,walk,29340,42078,12738,302149.5977611235,2770981.3927179426,292459.2054021727,2761426.1458051438,31538,8679,17691.774826260058,,generic,walk,,,,,,
9,1,walk,58140,70878,12738,292459.2054021727,2761426.1458051438,302149.5977611235,2770981.3927179426,8679,31538,17691.774826260058,,generic,walk,,,,,,
90,0,walk,34200,46938,12738,302149.5977611235,2770981.3927179426,292459.2054021727,2761426.1458051438,31538,8679,17691.774826260058,,generic,walk,,,,,,
90,1,walk,63000,75738,12738,292459.2054021727,2761426.1458051438,302149.5977611235,2770981.3927179426,8679,31538,17691.774826260058,,generic,walk,,,,,,
91,0,walk,34260,46998,12738,302149.5977611235,2770981.3927179426,292459.2054021727,2761426.1458051438,31538,8679,17691.774826260058,,generic,walk,,,,,,
91,1,walk,63060,75798,12738,292459.2054021727,2761426.1458051438,302149.5977611235,2770981.3927179426,8679,31538,17691.774826260058,,generic,walk,,,,,,
92,0,walk,34320,47058,12738,302149.5977611235,2770981.3927179426,292459.2054021727,2761426.1458051438,31538,8679,17691.774826260058,,generic,walk,,,,,,
92,1,walk,63120,75858,12738,292459.2054021727,2761426.1458051438,302149.5977611235,2770981.3927179426,8679,31538,17691.774826260058,,generic,walk,,,,,,
93,0,walk,34380,34436,56,302149.5977611235,2770981.3927179426,302208.6841850243,2770966.7424818203,31538,31538,79.13823977207238,,generic,walk,,,,,,
93,1,car,34436,35185,749,302208.6841850243,2770966.7424818203,293063.2820411516,2768866.8499156632,31538,8679,10949.70667300104,93,links,car,,,,,,
93,2,walk,35185,42172,6987,293063.2820411516,2768866.8499156632,292459.2054021727,2761426.1458051438,8679,8679,9704.740427020415,,generic,walk,,,,,,
93,3,walk,63180,70167,6987,292459.2054021727,2761426.1458051438,293063.2820411516,2768866.8499156632,8679,8679,9704.740427020415,,generic,walk,,,,,,
93,4,car,70167,70809,642,293063.2820411516,2768866.8499156632,302208.6841850243,2770966.7424818203,8679,31538,11028.044890436486,93,links,car,,,,,,
93,5,walk,70809,70865,56,302208.6841850243,2770966.7424818203,302149.5977611235,2770981.3927179426,31538,31538,79.13823977207238,,generic,walk,,,,,,
94,0,walk,34440,34496,56,302149.5977611235,2770981.3927179426,302208.6841850243,2770966.7424818203,31538,31538,79.13823977207238,,generic,walk,,,,,,
94,1,car,34496,35230,734,302208.6841850243,2770966.7424818203,293063.2820411516,2768866.8499156632,31538,8679,10831.133470341201,94,links,car,,,,,,
94,2,walk,35230,42217,6987,293063.2820411516,2768866.8499156632,292459.2054021727,2761426.1458051438,8679,8679,9704.740427020415,,generic,walk,,,,,,
94,3,walk,63240,70227,6987,292459.2054021727,2761426.1458051438,293063.2820411516,2768866.8499156632,8679,8679,9704.740427020415,,generic,walk,,,,,,
94,4,car,70227,70856,629,293063.2820411516,2768866.8499156632,302208.6841850243,2770966.7424818203,8679,31538,11028.044890436486,94,links,car,,,,,,
94,5,walk,70856,70912,56,302208.6841850243,2770966.7424818203,302149.5977611235,2770981.3927179426,31538,31538,79.13823977207238,,generic,walk,,,,,,
95,0,walk,34500,34556,56,302149.5977611235,2770981.3927179426,302208.6841850243,2770966.7424818203,31538,31538,79.13823977207238,,generic,walk,,,,,,
95,1,car,34556,35314,758,302208.6841850243,2770966.7424818203,293063.2820411516,2768866.8499156632,31538,8679,10831.133470341201,95,links,car,,,,,,
95,2,walk,35314,42301,6987,293063.2820411516,2768866.8499156632,292459.2054021727,2761426.1458051438,8679,8679,9704.740427020415,,generic,walk,,,,,,
95,3,walk,63300,70287,6987,292459.2054021727,2761426.1458051438,293063.2820411516,2768866.8499156632,8679,8679,9704.740427020415,,generic,walk,,,,,,
95,4,car,70287,70911,624,293063.2820411516,2768866.8499156632,302208.6841850243,2770966.7424818203,8679,31538,11028.044890436486,95,links,car,,,,,,
95,5,walk,70911,70967,56,302208.6841850243,2770966.7424818203,302149.5977611235,2770981.3927179426,31538,31538,79.13823977207238,,generic,walk,,,,,,
96,0,walk,34560,34616,56,302149.5977611235,2770981.3927179426,302208.6841850243,2770966.7424818203,31538,31538,79.13823977207238,,generic,walk,,,,,,
96,1,car,34616,35352,736,302208.6841850243,2770966.7424818203,293063.2820411516,2768866.8499156632,31538,8679,10949.70667300104,96,links,car,,,,,,
96,2,walk,35352,42339,6987,293063.2820411516,2768866.8499156632,292459.2054021727,2761426.1458051438,8679,8679,9704.740427020415,,generic,walk,,,,,,
96,3,walk,63360,70347,6987,292459.2054021727,2761426.1458051438,293063.2820411516,2768866.8499156632,8679,8679,9704.740427020415,,generic,walk,,,,,,
96,4,car,70347,70989,642,293063.2820411516,2768866.8499156632,302208.6841850243,2770966.7424818203,8679,31538,11028.044890436486,96,links,car,,,,,,
96,5,walk,70989,71045,56,302208.6841850243,2770966.7424818203,302149.5977611235,2770981.3927179426,31538,31538,79.13823977207238,,generic,walk,,,,,,
97,0,walk,34620,47358,12738,302149.5977611235,2770981.3927179426,292459.2054021727,2761426.1458051438,31538,8679,17691.774826260058,,generic,walk,,,,,,
97,1,walk,63420,76158,12738,292459.2054021727,2761426.1458051438,302149.5977611235,2770981.3927179426,8679,31538,17691.774826260058,,generic,walk,,,,,,
98,0,walk,34680,34736,56,302149.5977611235,2770981.3927179426,302208.6841850243,2770966.7424818203,31538,31538,79.13823977207238,,generic,walk,,,,,,
98,1,car,34736,35472,736,302208.6841850243,2770966.7424818203,293063.2820411516,2768866.8499156632,31538,8679,10814.93522185731,98,links,car,,,,,,
98,2,walk,35472,42459,6987,293063.2820411516,2768866.8499156632,292459.2054021727,2761426.1458051438,8679,8679,9704.740427020415,,generic,walk,,,,,,
98,3,walk,63480,70467,6987,292459.2054021727,2761426.1458051438,293063.2820411516,2768866.8499156632,8679,8679,9704.740427020415,,generic,walk,,,,,,
98,4,car,70467,71091,624,293063.2820411516,2768866.8499156632,302208.6841850243,2770966.7424818203,8679,31538,11028.044890436486,98,links,car,,,,,,
98,5,walk,71091,71147,56,302208.6841850243,2770966.7424818203,302149.5977611235,2770981.3927179426,31538,31538,79.13823977207238,,generic,walk,,,,,,
99,0,walk,34740,47478,12738,302149.5977611235,2770981.3927179426,292459.2054021727,2761426.1458051438,31538,8679,17691.774826260058,,generic,walk,,,,,,
99,1,walk,63540,76278,12738,292459.2054021727,2761426.1458051438,302149.5977611235,2770981.3927179426,8679,31538,17691.774826260058,,generic,walk,,,,,,
